CLB 396,Ancient Copper Dragon,,0,0.0,0,0,0,85.00
CLB 366,Ancient Silver Dragon,,0,0.0,0,0,0,64.00
CLB 382,Ancient Silver Dragon,,0,0.0,0,0,0,42.00
CLB 431,Miirym,,0,0.0,0,0,0,0
CLB 613,Astral Dragon,,0,0.0,0,0,0,24.00
CLB 542,Miirym,,0,0.0,0,0,0,0
CLB 367,Ancient Brass Dragon,,0,0.0,0,0,0,49.00
CLB 389,Ancient Brass Dragon,,0,0.0,0,0,0,34.00
CLB 620,Black Market Connections,,0,0.0,0,0,0,15.00
CLB 365,Ancient Gold Dragon,,0,0.0,0,0,0,32.00
CLB 444,Decanter of Endless Water,,0,0.0,0,0,0,1.50
CLB 633,Passionate Archaeologist,,0,0.0,0,0,0,25.00
CLB 370,Battle Angels of Tyr,,0,0.0,0,0,0,20.00
CLB 628,Bothersome Quasit,,0,0.0,0,0,0,10.00
CLB 369,Ancient Bronze Dragon,,0,0.0,0,0,0,30.00
CLB 619,Zellix,,0,0.0,0,0,0,0
CLB 560,Displacer Kitten,,0,0.0,0,0,0,19.00
CLB 518,Jaheira,,0,0.0,0,0,0,0
CLB 373,Nautiloid Ship,,0,0.0,0,0,0,11.00
CLB 602,Luxury Suite,,0,0.0,0,0,0,18.00
CLB 603,Morphic Pool,,0,0.0,0,0,0,20.00
CLB 630,Delayed Blast Fireball,,0,0.0,0,0,0,14.00
CLB 374,Vexing Puzzlebox,,0,0.0,0,0,0,7.50
CLB 605,Sea of Clouds,,0,0.0,0,0,0,14.00
CLB 368,Ancient Copper Dragon,,0,0.0,0,0,0,126.00
CLB 632,Nalfeshnee,,0,0.0,0,0,0,6.50
CLB 401,Lightning Bolt,,0,0.0,0,0,0,1.50
CLB 376,Ancient Gold Dragon,,0,0.0,0,0,0,21.00
CLB 601,Bountiful Promenade,,0,0.0,0,0,0,10.00
CLB 406,Ancient Bronze Dragon,,0,0.0,0,0,0,15.00
CLB 400,Karlach,,0,0.0,0,0,0,0
CLB 507,Karlach,,0,0.0,0,0,0,0
CLB 565,Kindred Discovery,,0,0.0,0,0,0,9.50
CLB 607,Deep Gnome Terramancer,,0,0.0,0,0,0,6.00
CLB 588,Earthquake Dragon,,0,0.0,0,0,0,5.00
CLB 640,Captain N'ghathrod,,0,0.0,0,0,0,9.50
CLB 627,Baeloth Barrityl,,0,0.0,0,0,0,0
CLB 606,Spire Garden,,0,0.0,0,0,0,14.00
CLB 398,Ganax,,0,0.0,0,0,0,0
CLB 604,Reflecting Pool,,0,0.0,0,0,0,10.00
CLB 409,Jaheira,,0,0.0,0,0,0,0
CLB 641,Faldorn,,0,0.0,0,0,0,0
CLB 591,Monster Manual,,0,0.0,0,0,0,5.50
CLB 608,Folk Hero,,0,0.0,0,0,0,5.50
CLB 621,Brainstealer Dragon,,0,0.0,0,0,0,4.50
CLB 580,Descent into Avernus,,0,0.0,0,0,0,7.50
CLB 624,Haunted One,,0,0.0,0,0,0,11.00
CLB 642,Firkraag,,0,0.0,0,0,0,0
CLB 585,Wrathful Red Dragon,,0,0.0,0,0,0,5.50
CLB 596,Blade of Selves,,0,0.0,0,0,0,5.00
CLB 595,Basilisk Collar,,0,0.0,0,0,0,6.00
CLB 612,Aboleth Spawn,,0,0.0,0,0,0,3.50
CLB 363,Minsc & Boo,,0,0.0,0,0,0,0
CLB 932,Faldorn,,0,0.0,0,0,0,0
CLB 578,Balor,,0,0.0,0,0,0,5.50
CLB 429,Mahadi,,0,0.0,0,0,0,0
CLB 378,Lae'zel,,0,0.0,0,0,0,0
CLB 364,Tasha,,0,0.0,0,0,0,0
CLB 553,Archivist of Oghma,,0,0.0,0,0,0,5.00
CLB 629,Death Kiss,,0,0.0,0,0,0,3.00
CLB 610,Seasoned Dungeoneer,,0,0.0,0,0,0,4.00
CLB 600,Baldur's Gate,,0,0.0,0,0,0,3.00
CLB 615,Endless Evil,,0,0.0,0,0,0,3.00
CLB 492,Agent of the Iron Throne,,0,0.0,0,0,0,2.50
CLB 504,Ganax,,0,0.0,0,0,0,0
CLB 617,Mocking Doppelganger,,0,0.0,0,0,0,2.00
CLB 476,Lae'zel,,0,0.0,0,0,0,0
CLB 645,Sarevok's Tome,,0,0.0,0,0,0,2.00
CLB 440,Thrakkus the Butcher,,0,0.0,0,0,0,0.50
CLB 593,Traverse the Outlands,,0,0.0,0,0,0,3.50
CLB 372,Bramble Sovereign,,0,0.0,0,0,0,2.50
CLB 556,Lae'zel's Acrobatics,,0,0.0,0,0,0,2.00
CLB 584,Wand of Wonder,,0,0.0,0,0,0,2.00
CLB 442,Charcoal Diamond,,0,0.0,0,0,0,0.50
CLB 933,Firkraag,,0,0.0,0,0,0,0
CLB 445,Fire Diamond,,0,0.0,0,0,0,0.25
CLB 540,Mahadi,,0,0.0,0,0,0,0
CLB 623,From the Catacombs,,0,0.0,0,0,0,1.00
CLB 450,Stonespeaker Crystal,,0,0.0,0,0,0,0.50
CLB 622,Burakos,,0,0.0,0,0,0,0
CLB 419,The Council of Four,,0,0.0,0,0,0,0.50
CLB 638,Tlincalli Hunter,,0,0.0,0,0,0,1.50
CLB 449,Sky Diamond,,0,0.0,0,0,0,0.25
CLB 371,Legion Loyalty,,0,0.0,0,0,0,1.50
CLB 626,Uchuulon,,0,0.0,0,0,0,1.00
CLB 427,Korlessa,,0,0.0,0,0,0,0
CLB 636,Green Slime,,0,0.0,0,0,0,1.50
CLB 590,Majestic Genesis,,0,0.0,0,0,0,2.00
CLB 558,White Plume Adventurer,,0,0.0,0,0,0,2.00
CLB 576,Pact Weapon,,0,0.0,0,0,0,1.50
CLB 586,Wyll's Reversal,,0,0.0,0,0,0,2.00
CLB 499,Shadowheart,,0,0.0,0,0,0,0
CLB 583,Storm King's Thunder,,0,0.0,0,0,0,2.00
CLB 566,Robe of the Archmagi,,0,0.0,0,0,0,0.50
CLB 554,Ascend from Avernus,,0,0.0,0,0,0,2.00
CLB 475,Inspiring Leader,,0,0.0,0,0,0,0.50
CLB 524,Astarion,,0,0.0,0,0,0,0
CLB 931,Captain N'Ghathrod,,0,0.0,0,0,0,2.00
CLB 561,Elminster's Simulacrum,,0,0.0,0,0,0,1.00
CLB 581,Elturel Survivors,,0,0.0,0,0,0,1.00
CLB 428,Lozhan,,0,0.0,0,0,0,0
CLB 422,Gluntch,,0,0.0,0,0,0,0
CLB 392,Shadowheart,,0,0.0,0,0,0,0
CLB 530,The Council of Four,,0,0.0,0,0,0,0.50
CLB 551,Thrakkus the Butcher,,0,0.0,0,0,0,0.50
CLB 413,Astarion,,0,0.0,0,0,0,0
CLB 405,Wyll,,0,0.0,0,0,0,0
CLB 533,Gluntch,,0,0.0,0,0,0,0
CLB 614,Clan Crafter,,0,0.0,0,0,0,1.00
CLB 485,Gale,,0,0.0,0,0,0,0
CLB 582,Firbolg Flutist,,0,0.0,0,0,0,0.50
CLB 375,Abdel Adrian,,0,0.0,0,0,0,0
CLB 539,Lozhan,,0,0.0,0,0,0,0
CLB 634,Spectacular Showdown,,0,0.0,0,0,0,0.50
CLB 512,Wyll,,0,0.0,0,0,0,0
CLB 570,Astarion's Thirst,,0,0.0,0,0,0,1.00
CLB 569,Altar of Bhaal,,0,0.0,0,0,0,0.50
CLB 573,Elder Brain,,0,0.0,0,0,0,0.50
CLB 538,Korlessa,,0,0.0,0,0,0,0
CLB 438,Raphael,,0,0.0,0,0,0,0
CLB 568,Wizards of Thay,,0,0.0,0,0,0,1.00
CLB 594,Undermountain Adventurer,,0,0.0,0,0,0,0.50
CLB 478,Noble Heritage,,0,0.0,0,0,0,0.50
CLB 520,Raised by Giants,,0,0.0,0,0,0,0.50
CLB 362,Elminster,,0,0.0,0,0,0,1.00
CLB 644,Multiclass Baldric,,0,0.0,0,0,0,0.50
CLB 543,Minthara,,0,0.0,0,0,0,0
CLB 555,Horn of Valhalla,,0,0.0,0,0,0,1.00
CLB 616,Grell Philosopher,,0,0.0,0,0,0,0.50
CLB 575,Intellect Devourer,,0,0.0,0,0,0,0.50
CLB 643,Nalia de'Arnise,,0,0.0,0,0,0,1.00
CLB 446,Marble Diamond,,0,0.0,0,0,0,0.25
CLB 563,Gale's Redirection,,0,0.0,0,0,0,0.50
CLB 506,Gut,,0,0.0,0,0,0,0
CLB 404,Taunting Kobold,,0,0.0,0,0,0,0.50
CLB 635,Durnan of the Yawning Portal,,0,0.0,0,0,0,1.00
CLB 447,Marching Duodrone,,0,0.0,0,0,0,0.25
CLB 424,Jan Jansen,,0,0.0,0,0,0,0
CLB 417,Cadira,,0,0.0,0,0,0,0
CLB 579,Caves of Chaos Adventurer,,0,0.0,0,0,0,1.00
CLB 489,Sword Coast Sailor,,0,0.0,0,0,0,0.50
CLB 513,Acolyte of Bahamut,,0,0.0,0,0,0,0.50
CLB 495,Cultist of the Absolute,,0,0.0,0,0,0,0.50
CLB 473,Far Traveler,,0,0.0,0,0,0,0.50
CLB 491,Volo,,0,0.0,0,0,0,0
CLB 443,Cloak of the Bat,,0,0.0,0,0,0,0.25
CLB 420,Duke Ulder Ravengard,,0,0.0,0,0,0,0.50
CLB 519,Master Chef,,0,0.0,0,0,0,0.50
CLB 618,Psionic Ritual,,0,0.0,0,0,0,0.50
CLB 448,Moss Diamond,,0,0.0,0,0,0,0.25
CLB 505,Guild Artisan,,0,0.0,0,0,0,0.50
CLB 545,Neera,,0,0.0,0,0,0,0
CLB 386,Renari,,0,0.0,0,0,0,0
CLB 418,Commander Liara Portyr,,0,0.0,0,0,0,0.50
CLB 549,Raphael,,0,0.0,0,0,0,0
CLB 531,Duke Ulder Ravengard,,0,0.0,0,0,0,0.50
CLB 535,Jan Jansen,,0,0.0,0,0,0,0
CLB 537,Kagha,,0,0.0,0,0,0,0
CLB 383,Gale,,0,0.0,0,0,0,0
CLB 471,Abdel Adrian,,0,0.0,0,0,0,0
CLB 474,Flaming Fist,,0,0.0,0,0,0,0.25
CLB 426,Kagha,,0,0.0,0,0,0,0
CLB 436,Oji,,0,0.0,0,0,0,0
CLB 631,Loot Dispute,,0,0.0,0,0,0,0.50
CLB 522,Wilson,,0,0.0,0,0,0,0
CLB 482,Candlekeep Sage,,0,0.0,0,0,0,0.25
CLB 393,Sivriss,,0,0.0,0,0,0,0
CLB 598,Mighty Servant of Leuk-o,,0,0.0,0,0,0,0.50
CLB 407,Erinis,,0,0.0,0,0,0,0
CLB 487,Renari,,0,0.0,0,0,0,0
CLB 432,Minthara,,0,0.0,0,0,0,0
CLB 410,Skanos Dragonheart,,0,0.0,0,0,0,0.50
CLB 589,Jaheira's Respite,,0,0.0,0,0,0,1.00
CLB 503,Dragon Cultist,,0,0.0,0,0,0,0.50
CLB 384,Goggles of Night,,0,0.0,0,0,0,0.25
CLB 528,Cadira,,0,0.0,0,0,0,0
CLB 514,Cloakwood Hermit,,0,0.0,0,0,0,0.50
CLB 515,Erinis,,0,0.0,0,0,0,0
CLB 517,Hardy Outlander,,0,0.0,0,0,0,0.50
CLB 508,Livaan,,0,0.0,0,0,0,0
CLB 511,Tavern Brawler,,0,0.0,0,0,0,0.50
CLB 380,Rasaad yn Bashir,,0,0.0,0,0,0,0.50
CLB 439,Rilsa Rael,,0,0.0,0,0,0,0
CLB 571,Blood Money,,0,0.0,0,0,0,1.50
CLB 493,Agent of the Shadow Thieves,,0,0.0,0,0,0,0.50
CLB 516,Halsin,,0,0.0,0,0,0,0
CLB 399,Gut,,0,0.0,0,0,0,0
CLB 394,Viconia,,0,0.0,0,0,0,0
CLB 592,Owlbear Cub,,0,0.0,0,0,0,0.50
CLB 414,Baba Lysaga,,0,0.0,0,0,0,0
CLB 484,Feywild Visitor,,0,0.0,0,0,0,0.50
CLB 637,Journey to the Lost City,,0,0.0,0,0,0,0.50
CLB 433,Myrkul,,0,0.0,0,0,0,0
CLB 509,Popular Entertainer,,0,0.0,0,0,0,0.50
CLB 599,Mirror of Life Trapping,,0,0.0,0,0,0,0.50
CLB 479,Rasaad yn Bashir,,0,0.0,0,0,0,0.50
CLB 501,Viconia,,0,0.0,0,0,0,0
CLB 381,Alora,,0,0.0,0,0,0,0
CLB 379,Lulu,,0,0.0,0,0,0,0
CLB 388,Volo,,0,0.0,0,0,0,0
CLB 564,Illithid Harvester,,0,0.0,0,0,0,0.50
CLB 494,Criminal Past,,0,0.0,0,0,0,0.50
CLB 597,Fraying Line,,0,0.0,0,0,0,0.50
CLB 536,Jon Irenicus,,0,0.0,0,0,0,0
CLB 435,Nine-Fingers Keene,,0,0.0,0,0,0,0.50
CLB 567,Tomb of Horrors Adventurer,,0,0.0,0,0,0,0.50
CLB 639,Venture Forth,,0,0.0,0,0,0,0.50
CLB 500,Sivriss,,0,0.0,0,0,0,0
CLB 411,Wilson,,0,0.0,0,0,0,0
CLB 510,Street Urchin,,0,0.0,0,0,0,0.50
CLB 483,Dungeon Delver,,0,0.0,0,0,0,0.50
CLB 574,Eldritch Pact,,0,0.0,0,0,0,0.50
CLB 481,Alora,,0,0.0,0,0,0,0
CLB 587,Barroom Brawl,,0,0.0,0,0,0,0.50
CLB 550,Rilsa Rael,,0,0.0,0,0,0,0
CLB 559,Windshaper Planetar,,0,0.0,0,0,0,0.50
CLB 552,Zevlor,,0,0.0,0,0,0,0
CLB 577,Ravenloft Adventurer,,0,0.0,0,0,0,0.50
CLB 498,Scion of Halaster,,0,0.0,0,0,0,0.25
CLB 412,Alaundo the Seer,,0,0.0,0,0,0,0.50
CLB 525,Baba Lysaga,,0,0.0,0,0,0,0
CLB 529,Commander Liara Portyr,,0,0.0,0,0,0,0.50
CLB 477,Lulu,,0,0.0,0,0,0,0
CLB 546,Nine-Fingers Keene,,0,0.0,0,0,0,0.50
CLB 547,Oji,,0,0.0,0,0,0,0
CLB 488,Shameless Charlatan,,0,0.0,0,0,0,0.50
CLB 397,Fireball,,0,0.0,0,0,0,0.50
CLB 402,Livaan,,0,0.0,0,0,0,0
CLB 497,Sarevok,,0,0.0,0,0,0,0
CLB 934,Nalia de'Arnise,,0,0.0,0,0,0,1.00
CLB 521,Skanos Dragonheart,,0,0.0,0,0,0,0.50
CLB 472,Ellyn Harbreeze,,0,0.0,0,0,0,0
CLB 523,Alaundo the Seer,,0,0.0,0,0,0,0.50
CLB 490,Vhal,,0,0.0,0,0,0,0
CLB 377,Ellyn Harbreeze,,0,0.0,0,0,0,0
CLB 403,Nemesis Phoenix,,0,0.0,0,0,0,0.50
CLB 562,Font of Magic,,0,0.0,0,0,0,1.00
CLB 544,Myrkul,,0,0.0,0,0,0,0
CLB 548,Raggadragga,,0,0.0,0,0,0,0
CLB 625,Solemn Doomguide,,0,0.0,0,0,0,0.50
CLB 502,Amber Gristle O'Maul,,0,0.0,0,0,0,0.50
CLB 526,Bane,,0,0.0,0,0,0,0
CLB 532,Dynaheir,,0,0.0,0,0,0,0
CLB 534,Gorion,,0,0.0,0,0,0,0
CLB 541,Mazzy,,0,0.0,0,0,0,0
CLB 430,Mazzy,,0,0.0,0,0,0,0
CLB 434,Neera,,0,0.0,0,0,0,0
CLB 611,Stick Together,,0,0.0,0,0,0,0.50
CLB 480,Veteran Soldier,,0,0.0,0,0,0,0.50
CLB 391,Sarevok,,0,0.0,0,0,0,0
CLB 408,Halsin,,0,0.0,0,0,0,0
CLB 385,Imoen,,0,0.0,0,0,0,0
CLB 390,Safana,,0,0.0,0,0,0,0
CLB 416,Bhaal,,0,0.0,0,0,0,0
CLB 609,Harper Recruiter,,0,0.0,0,0,0,0.50
CLB 437,Raggadragga,,0,0.0,0,0,0,0
CLB 557,Sculpted Sunburst,,0,0.0,0,0,0,0.50
CLB 441,Zevlor,,0,0.0,0,0,0,0
CLB 486,Imoen,,0,0.0,0,0,0,0
CLB 527,Bhaal,,0,0.0,0,0,0,0
CLB 423,Gorion,,0,0.0,0,0,0,0
CLB 496,Safana,,0,0.0,0,0,0,0
CLB 387,Vhal,,0,0.0,0,0,0,0
CLB 415,Bane,,0,0.0,0,0,0,0
CLB 425,Jon Irenicus,,0,0.0,0,0,0,0
CLB 572,Call to the Void,,0,0.0,0,0,0,0.50
CLB 395,Amber Gristle O'Maul,,0,0.0,0,0,0,0.50
CLB 421,Dynaheir,,0,0.0,0,0,0,0
CLB 368F,Ancient Copper Dragon,,0,0.0,0,0,0,200.00
CLB 396F,Ancient Copper Dragon,,0,0.0,0,0,0,96.00
CLB 603F,Morphic Pool,,0,0.0,0,0,0,20.00
CLB 560F,Displacer Kitten,,0,0.0,0,0,0,20.00
CLB 602F,Luxury Suite,,0,0.0,0,0,0,20.00
CLB 370F,Battle Angels of Tyr,,0,0.0,0,0,0,22.00
CLB 365F,Ancient Gold Dragon,,0,0.0,0,0,0,44.00
CLB 382F,Ancient Silver Dragon,,0,0.0,0,0,0,48.00
CLB 565F,Kindred Discovery,,0,0.0,0,0,0,10.00
CLB 373F,Nautiloid Ship,,0,0.0,0,0,0,14.00
CLB 580F,Descent into Avernus,,0,0.0,0,0,0,9.00
CLB 601F,Bountiful Promenade,,0,0.0,0,0,0,13.00
CLB 606F,Spire Garden,,0,0.0,0,0,0,16.00
CLB 400F,Karlach,,0,0.0,0,0,0,0
CLB 605F,Sea of Clouds,,0,0.0,0,0,0,16.00
CLB 376F,Ancient Gold Dragon,,0,0.0,0,0,0,20.00
CLB 374F,Vexing Puzzlebox,,0,0.0,0,0,0,9.50
CLB 604F,Reflecting Pool,,0,0.0,0,0,0,12.00
CLB 585F,Wrathful Red Dragon,,0,0.0,0,0,0,5.50
CLB 401F,Lightning Bolt,,0,0.0,0,0,0,2.00
CLB 398F,Ganax,,0,0.0,0,0,0,0
CLB 431F,Miirym,,0,0.0,0,0,0,0
CLB 367F,Ancient Brass Dragon,,0,0.0,0,0,0,64.00
CLB 366F,Ancient Silver Dragon,,0,0.0,0,0,0,64.00
CLB 369F,Ancient Bronze Dragon,,0,0.0,0,0,0,34.00
CLB 591F,Monster Manual,,0,0.0,0,0,0,5.50
CLB 593F,Traverse the Outlands,,0,0.0,0,0,0,5.00
CLB 596F,Blade of Selves,,0,0.0,0,0,0,5.00
CLB 553F,Archivist of Oghma,,0,0.0,0,0,0,7.00
CLB 409F,Jaheira,,0,0.0,0,0,0,0
CLB 595F,Basilisk Collar,,0,0.0,0,0,0,5.50
CLB 364F,Tasha,,0,0.0,0,0,0,0
CLB 363F,Minsc & Boo,,0,0.0,0,0,0,0
CLB 640F,Captain N'ghathrod,,0,0.0,0,0,0,60.00
CLB 600F,Baldur's Gate,,0,0.0,0,0,0,3.00
CLB 444F,Decanter of Endless Water,,0,0.0,0,0,0,3.00
CLB 578F,Balor,,0,0.0,0,0,0,5.50
CLB 588F,Earthquake Dragon,,0,0.0,0,0,0,3.50
CLB 556F,Lae'zel's Acrobatics,,0,0.0,0,0,0,3.00
CLB 590F,Majestic Genesis,,0,0.0,0,0,0,3.00
CLB 378F,Lae'zel,,0,0.0,0,0,0,0
CLB 558F,White Plume Adventurer,,0,0.0,0,0,0,3.00
CLB 584F,Wand of Wonder,,0,0.0,0,0,0,2.50
CLB 586F,Wyll's Reversal,,0,0.0,0,0,0,3.00
CLB 372F,Bramble Sovereign,,0,0.0,0,0,0,3.50
CLB 442F,Charcoal Diamond,,0,0.0,0,0,0,0.50
CLB 389F,Ancient Brass Dragon,,0,0.0,0,0,0,36.00
CLB 406F,Ancient Bronze Dragon,,0,0.0,0,0,0,14.00
CLB 362F,Elminster,,0,0.0,0,0,0,3.00
CLB 440F,Thrakkus the Butcher,,0,0.0,0,0,0,1.00
CLB 571F,Blood Money,,0,0.0,0,0,0,3.00
CLB 413F,Astarion,,0,0.0,0,0,0,0
CLB 422F,Gluntch,,0,0.0,0,0,0,0
CLB 579F,Caves of Chaos Adventurer,,0,0.0,0,0,0,2.00
CLB 371F,Legion Loyalty,,0,0.0,0,0,0,2.50
CLB 583F,Storm King's Thunder,,0,0.0,0,0,0,2.50
CLB 570F,Astarion's Thirst,,0,0.0,0,0,0,1.50
CLB 554F,Ascend from Avernus,,0,0.0,0,0,0,3.00
CLB 568F,Wizards of Thay,,0,0.0,0,0,0,1.00
CLB 405F,Wyll,,0,0.0,0,0,0,0
CLB 635F,Durnan of the Yawning Portal,,0,0.0,0,0,0,12.00
CLB 581F,Elturel Survivors,,0,0.0,0,0,0,1.00
CLB 450F,Stonespeaker Crystal,,0,0.0,0,0,0,1.00
CLB 577F,Ravenloft Adventurer,,0,0.0,0,0,0,1.00
CLB 594F,Undermountain Adventurer,,0,0.0,0,0,0,1.00
CLB 448F,Moss Diamond,,0,0.0,0,0,0,0.50
CLB 573F,Elder Brain,,0,0.0,0,0,0,1.00
CLB 582F,Firbolg Flutist,,0,0.0,0,0,0,1.00
CLB 445F,Fire Diamond,,0,0.0,0,0,0,0.50
CLB 564F,Illithid Harvester,,0,0.0,0,0,0,0.50
CLB 575F,Intellect Devourer,,0,0.0,0,0,0,0.50
CLB 429F,Mahadi,,0,0.0,0,0,0,0
CLB 561F,Elminster's Simulacrum,,0,0.0,0,0,0,1.50
CLB 576F,Pact Weapon,,0,0.0,0,0,0,2.00
CLB 428F,Lozhan,,0,0.0,0,0,0,0
CLB 449F,Sky Diamond,,0,0.0,0,0,0,0.50
CLB 427F,Korlessa,,0,0.0,0,0,0,0
CLB 592F,Owlbear Cub,,0,0.0,0,0,0,0.50
CLB 388F,Volo,,0,0.0,0,0,0,0
CLB 375F,Abdel Adrian,,0,0.0,0,0,0,0
CLB 424F,Jan Jansen,,0,0.0,0,0,0,0
CLB 419F,The Council of Four,,0,0.0,0,0,0,0.50
CLB 411F,Wilson,,0,0.0,0,0,0,0
CLB 566F,Robe of the Archmagi,,0,0.0,0,0,0,1.00
CLB 563F,Gale's Redirection,,0,0.0,0,0,0,0.50
CLB 425F,Jon Irenicus,,0,0.0,0,0,0,0
CLB 599F,Mirror of Life Trapping,,0,0.0,0,0,0,0.50
CLB 567F,Tomb of Horrors Adventurer,,0,0.0,0,0,0,0.50
CLB 446F,Marble Diamond,,0,0.0,0,0,0,0.50
CLB 392F,Shadowheart,,0,0.0,0,0,0,0
CLB 598F,Mighty Servant of Leuk-o,,0,0.0,0,0,0,1.00
CLB 437F,Raggadragga,,0,0.0,0,0,0,0
CLB 438F,Raphael,,0,0.0,0,0,0,0
CLB 569F,Altar of Bhaal,,0,0.0,0,0,0,0.50
CLB 414F,Baba Lysaga,,0,0.0,0,0,0,0
CLB 397F,Fireball,,0,0.0,0,0,0,0.50
CLB 402F,Livaan,,0,0.0,0,0,0,0
CLB 434F,Neera,,0,0.0,0,0,0,0
CLB 562F,Font of Magic,,0,0.0,0,0,0,1.00
CLB 574F,Eldritch Pact,,0,0.0,0,0,0,0.50
CLB 555F,Horn of Valhalla,,0,0.0,0,0,0,1.00
CLB 589F,Jaheira's Respite,,0,0.0,0,0,0,1.00
CLB 407F,Erinis,,0,0.0,0,0,0,0
CLB 426F,Kagha,,0,0.0,0,0,0,0
CLB 430F,Mazzy,,0,0.0,0,0,0,0
CLB 380F,Rasaad yn Bashir,,0,0.0,0,0,0,0.50
CLB 386F,Renari,,0,0.0,0,0,0,0
CLB 559F,Windshaper Planetar,,0,0.0,0,0,0,0.50
CLB 383F,Gale,,0,0.0,0,0,0,0
CLB 435F,Nine-Fingers Keene,,0,0.0,0,0,0,0.50
CLB 572F,Call to the Void,,0,0.0,0,0,0,0.50
CLB 384F,Goggles of Night,,0,0.0,0,0,0,0.50
CLB 399F,Gut,,0,0.0,0,0,0,0
CLB 385F,Imoen,,0,0.0,0,0,0,0
CLB 447F,Marching Duodrone,,0,0.0,0,0,0,0.50
CLB 436F,Oji,,0,0.0,0,0,0,0
CLB 404F,Taunting Kobold,,0,0.0,0,0,0,0.50
CLB 412F,Alaundo the Seer,,0,0.0,0,0,0,0.50
CLB 415F,Bane,,0,0.0,0,0,0,0
CLB 417F,Cadira,,0,0.0,0,0,0,0
CLB 443F,Cloak of the Bat,,0,0.0,0,0,0,0.50
CLB 418F,Commander Liara Portyr,,0,0.0,0,0,0,0.50
CLB 421F,Dynaheir,,0,0.0,0,0,0,0
CLB 423F,Gorion,,0,0.0,0,0,0,0
CLB 408F,Halsin,,0,0.0,0,0,0,0
CLB 379F,Lulu,,0,0.0,0,0,0,0
CLB 432F,Minthara,,0,0.0,0,0,0,0
CLB 433F,Myrkul,,0,0.0,0,0,0,0
CLB 439F,Rilsa Rael,,0,0.0,0,0,0,0
CLB 394F,Viconia,,0,0.0,0,0,0,0
CLB 381F,Alora,,0,0.0,0,0,0,0
CLB 395F,Amber Gristle O'Maul,,0,0.0,0,0,0,0.50
CLB 420F,Duke Ulder Ravengard,,0,0.0,0,0,0,0.50
CLB 377F,Ellyn Harbreeze,,0,0.0,0,0,0,0
CLB 390F,Safana,,0,0.0,0,0,0,0
CLB 557F,Sculpted Sunburst,,0,0.0,0,0,0,0.50
CLB 393F,Sivriss,,0,0.0,0,0,0,0
CLB 410F,Skanos Dragonheart,,0,0.0,0,0,0,0.50
CLB 441F,Zevlor,,0,0.0,0,0,0,0
CLB 587F,Barroom Brawl,,0,0.0,0,0,0,0.50
CLB 416F,Bhaal,,0,0.0,0,0,0,0
CLB 597F,Fraying Line,,0,0.0,0,0,0,0.50
CLB 403F,Nemesis Phoenix,,0,0.0,0,0,0,0.50
CLB 391F,Sarevok,,0,0.0,0,0,0,0
CLB 387F,Vhal,,0,0.0,0,0,0,0
CLB 627F,Baeloth Barrityl,,0,0.0,0,0,0,0
CLB 622F,Burakos,,0,0.0,0,0,0,0
CLB 614F,Clan Crafter,,0,0.0,0,0,0,18.00
CLB 641F,Faldorn,,0,0.0,0,0,0,0
CLB 642F,Firkraag,,0,0.0,0,0,0,0
CLB 608F,Folk Hero,,0,0.0,0,0,0,48.00
CLB 624F,Haunted One,,0,0.0,0,0,0,36.00
CLB 643F,Nalia de'Arnise,,0,0.0,0,0,0,14.00
CLB 619F,Zellix,,0,0.0,0,0,0,0
CLB 633F,Passionate Archaeologist,,0,0.0,0,0,0,64.00
CLB 431,"Miirym, Sentinel Wyrm",,0,0.0,0,0,0,9.00
CLB 542,"Miirym, Sentinel Wyrm",,0,0.0,0,0,0,11.00
CLB 619,"Zellix, Sanity Flayer",,0,0.0,0,0,0,24.00
CLB 518,"Jaheira, Friend of the Forest",,0,0.0,0,0,0,4.50
CLB 400,"Karlach, Fury of Avernus",,0,0.0,0,0,0,10.00
CLB 507,"Karlach, Fury of Avernus",,0,0.0,0,0,0,11.00
CLB 627,"Baeloth Barrityl, Entertainer",,0,0.0,0,0,0,14.00
CLB 398,"Ganax, Astral Hunter",,0,0.0,0,0,0,1.00
CLB 409,"Jaheira, Friend of the Forest",,0,0.0,0,0,0,5.00
CLB 641,"Faldorn, Dread Wolf Herald",,0,0.0,0,0,0,8.00
CLB 642,"Firkraag, Cunning Instigator",,0,0.0,0,0,0,7.00
CLB 363,"Minsc & Boo, Timeless Heroes",,0,0.0,0,0,0,7.00
CLB 932,"Faldorn, Dread Wolf Herald",,0,0.0,0,0,0,1.00
CLB 429,"Mahadi, Emporium Master",,0,0.0,0,0,0,1.00
CLB 378,"Lae'zel, Vlaakith's Champion",,0,0.0,0,0,0,2.00
CLB 364,"Tasha, the Witch Queen",,0,0.0,0,0,0,5.00
CLB 504,"Ganax, Astral Hunter",,0,0.0,0,0,0,2.00
CLB 476,"Lae'zel, Vlaakith's Champion",,0,0.0,0,0,0,1.50
CLB 933,"Firkraag, Cunning Instigator",,0,0.0,0,0,0,1.00
CLB 540,"Mahadi, Emporium Master",,0,0.0,0,0,0,1.00
CLB 622,"Burakos, Party Leader",,0,0.0,0,0,0,1.50
CLB 427,"Korlessa, Scale Singer",,0,0.0,0,0,0,0.50
CLB 499,"Shadowheart, Dark Justiciar",,0,0.0,0,0,0,1.00
CLB 524,"Astarion, the Decadent",,0,0.0,0,0,0,1.00
CLB 422,"Gluntch, the Bestower",,0,0.0,0,0,0,0.50
CLB 428,"Lozhan, Dragons' Legacy",,0,0.0,0,0,0,0.50
CLB 392,"Shadowheart, Dark Justiciar",,0,0.0,0,0,0,0.50
CLB 405,"Wyll, Blade of Frontiers",,0,0.0,0,0,0,0.50
CLB 413,"Astarion, the Decadent",,0,0.0,0,0,0,0.50
CLB 533,"Gluntch, the Bestower",,0,0.0,0,0,0,0.50
CLB 485,"Gale, Waterdeep Prodigy",,0,0.0,0,0,0,0.50
CLB 375,"Abdel Adrian, Gorion's Ward",,0,0.0,0,0,0,0.50
CLB 539,"Lozhan, Dragons' Legacy",,0,0.0,0,0,0,0.50
CLB 512,"Wyll, Blade of Frontiers",,0,0.0,0,0,0,0.50
CLB 438,"Raphael, Fiendish Savior",,0,0.0,0,0,0,0.50
CLB 538,"Korlessa, Scale Singer",,0,0.0,0,0,0,0.50
CLB 543,"Minthara, Merciless Soul",,0,0.0,0,0,0,0.50
CLB 506,"Gut, True Soul Zealot",,0,0.0,0,0,0,0.50
CLB 424,"Jan Jansen, Chaos Crafter",,0,0.0,0,0,0,0.50
CLB 417,"Cadira, Caller of the Small",,0,0.0,0,0,0,0.50
CLB 491,"Volo, Itinerant Scholar",,0,0.0,0,0,0,1.00
CLB 545,"Neera, Wild Mage",,0,0.0,0,0,0,0.50
CLB 386,"Renari, Merchant of Marvels",,0,0.0,0,0,0,0.50
CLB 535,"Jan Jansen, Chaos Crafter",,0,0.0,0,0,0,0.50
CLB 537,"Kagha, Shadow Archdruid",,0,0.0,0,0,0,0.50
CLB 383,"Gale, Waterdeep Prodigy",,0,0.0,0,0,0,0.50
CLB 549,"Raphael, Fiendish Savior",,0,0.0,0,0,0,0.50
CLB 471,"Abdel Adrian, Gorion's Ward",,0,0.0,0,0,0,0.50
CLB 426,"Kagha, Shadow Archdruid",,0,0.0,0,0,0,0.50
CLB 436,"Oji, the Exquisite Blade",,0,0.0,0,0,0,0.50
CLB 522,"Wilson, Refined Grizzly",,0,0.0,0,0,0,0.50
CLB 393,"Sivriss, Nightmare Speaker",,0,0.0,0,0,0,0.50
CLB 407,"Erinis, Gloom Stalker",,0,0.0,0,0,0,0.50
CLB 487,"Renari, Merchant of Marvels",,0,0.0,0,0,0,0.50
CLB 432,"Minthara, Merciless Soul",,0,0.0,0,0,0,0.50
CLB 528,"Cadira, Caller of the Small",,0,0.0,0,0,0,0.50
CLB 515,"Erinis, Gloom Stalker",,0,0.0,0,0,0,0.50
CLB 508,"Livaan, Cultist of Tiamat",,0,0.0,0,0,0,0.50
CLB 439,"Rilsa Rael, Kingpin",,0,0.0,0,0,0,0.50
CLB 516,"Halsin, Emerald Archdruid",,0,0.0,0,0,0,0.50
CLB 399,"Gut, True Soul Zealot",,0,0.0,0,0,0,0.50
CLB 394,"Viconia, Drow Apostate",,0,0.0,0,0,0,0.50
CLB 414,"Baba Lysaga, Night Witch",,0,0.0,0,0,0,0.50
CLB 433,"Myrkul, Lord of Bones",,0,0.0,0,0,0,0.50
CLB 501,"Viconia, Drow Apostate",,0,0.0,0,0,0,0.50
CLB 381,"Alora, Merry Thief",,0,0.0,0,0,0,0.50
CLB 402,"Livaan, Cultist of Tiamat",,0,0.0,0,0,0,0.50
CLB 379,"Lulu, Loyal Hollyphant",,0,0.0,0,0,0,0.50
CLB 388,"Volo, Itinerant Scholar",,0,0.0,0,0,0,1.00
CLB 536,"Jon Irenicus, Shattered One",,0,0.0,0,0,0,0.50
CLB 500,"Sivriss, Nightmare Speaker",,0,0.0,0,0,0,0.50
CLB 411,"Wilson, Refined Grizzly",,0,0.0,0,0,0,0.50
CLB 550,"Rilsa Rael, Kingpin",,0,0.0,0,0,0,0.50
CLB 552,"Zevlor, Elturel Exile",,0,0.0,0,0,0,0.50
CLB 481,"Alora, Merry Thief",,0,0.0,0,0,0,0.50
CLB 525,"Baba Lysaga, Night Witch",,0,0.0,0,0,0,0.50
CLB 477,"Lulu, Loyal Hollyphant",,0,0.0,0,0,0,0.50
CLB 547,"Oji, the Exquisite Blade",,0,0.0,0,0,0,0.50
CLB 497,"Sarevok, Deathbringer",,0,0.0,0,0,0,0.50
CLB 472,"Ellyn Harbreeze, Busybody",,0,0.0,0,0,0,0.50
CLB 490,"Vhal, Candlekeep Researcher",,0,0.0,0,0,0,0.50
CLB 377,"Ellyn Harbreeze, Busybody",,0,0.0,0,0,0,0.50
CLB 544,"Myrkul, Lord of Bones",,0,0.0,0,0,0,0.50
CLB 548,"Raggadragga, Goreguts Boss",,0,0.0,0,0,0,0.50
CLB 526,"Bane, Lord of Darkness",,0,0.0,0,0,0,0.50
CLB 532,"Dynaheir, Invoker Adept",,0,0.0,0,0,0,0.50
CLB 534,"Gorion, Wise Mentor",,0,0.0,0,0,0,0.50
CLB 541,"Mazzy, Truesword Paladin",,0,0.0,0,0,0,0.50
CLB 430,"Mazzy, Truesword Paladin",,0,0.0,0,0,0,0.50
CLB 434,"Neera, Wild Mage",,0,0.0,0,0,0,0.50
CLB 391,"Sarevok, Deathbringer",,0,0.0,0,0,0,0.50
CLB 408,"Halsin, Emerald Archdruid",,0,0.0,0,0,0,0.50
CLB 385,"Imoen, Mystic Trickster",,0,0.0,0,0,0,0.50
CLB 390,"Safana, Calimport Cutthroat",,0,0.0,0,0,0,0.50
CLB 416,"Bhaal, Lord of Murder",,0,0.0,0,0,0,0.50
CLB 437,"Raggadragga, Goreguts Boss",,0,0.0,0,0,0,0.50
CLB 441,"Zevlor, Elturel Exile",,0,0.0,0,0,0,0.50
CLB 486,"Imoen, Mystic Trickster",,0,0.0,0,0,0,0.50
CLB 527,"Bhaal, Lord of Murder",,0,0.0,0,0,0,0.50
CLB 423,"Gorion, Wise Mentor",,0,0.0,0,0,0,0.50
CLB 496,"Safana, Calimport Cutthroat",,0,0.0,0,0,0,0.50
CLB 387,"Vhal, Candlekeep Researcher",,0,0.0,0,0,0,0.50
CLB 415,"Bane, Lord of Darkness",,0,0.0,0,0,0,0.50
CLB 425,"Jon Irenicus, Shattered One",,0,0.0,0,0,0,0.50
CLB 421,"Dynaheir, Invoker Adept",,0,0.0,0,0,0,0.50
CLB 400F,"Karlach, Fury of Avernus",,0,0.0,0,0,0,11.00
CLB 398F,"Ganax, Astral Hunter",,0,0.0,0,0,0,3.50
CLB 431F,"Miirym, Sentinel Wyrm",,0,0.0,0,0,0,11.00
CLB 409F,"Jaheira, Friend of the Forest",,0,0.0,0,0,0,5.50
CLB 364F,"Tasha, the Witch Queen",,0,0.0,0,0,0,9.50
CLB 363F,"Minsc & Boo, Timeless Heroes",,0,0.0,0,0,0,15.00
CLB 378F,"Lae'zel, Vlaakith's Champion",,0,0.0,0,0,0,2.50
CLB 413F,"Astarion, the Decadent",,0,0.0,0,0,0,1.00
CLB 422F,"Gluntch, the Bestower",,0,0.0,0,0,0,1.00
CLB 405F,"Wyll, Blade of Frontiers",,0,0.0,0,0,0,1.50
CLB 429F,"Mahadi, Emporium Master",,0,0.0,0,0,0,1.00
CLB 428F,"Lozhan, Dragons' Legacy",,0,0.0,0,0,0,0.50
CLB 427F,"Korlessa, Scale Singer",,0,0.0,0,0,0,0.50
CLB 388F,"Volo, Itinerant Scholar",,0,0.0,0,0,0,1.00
CLB 375F,"Abdel Adrian, Gorion's Ward",,0,0.0,0,0,0,0.50
CLB 424F,"Jan Jansen, Chaos Crafter",,0,0.0,0,0,0,0.50
CLB 411F,"Wilson, Refined Grizzly",,0,0.0,0,0,0,0.50
CLB 425F,"Jon Irenicus, Shattered One",,0,0.0,0,0,0,0.50
CLB 392F,"Shadowheart, Dark Justiciar",,0,0.0,0,0,0,0.50
CLB 437F,"Raggadragga, Goreguts Boss",,0,0.0,0,0,0,0.50
CLB 438F,"Raphael, Fiendish Savior",,0,0.0,0,0,0,0.50
CLB 414F,"Baba Lysaga, Night Witch",,0,0.0,0,0,0,0.50
CLB 402F,"Livaan, Cultist of Tiamat",,0,0.0,0,0,0,0.50
CLB 434F,"Neera, Wild Mage",,0,0.0,0,0,0,0.50
CLB 386F,"Renari, Merchant of Marvels",,0,0.0,0,0,0,0.50
CLB 407F,"Erinis, Gloom Stalker",,0,0.0,0,0,0,0.50
CLB 426F,"Kagha, Shadow Archdruid",,0,0.0,0,0,0,0.50
CLB 430F,"Mazzy, Truesword Paladin",,0,0.0,0,0,0,0.50
CLB 383F,"Gale, Waterdeep Prodigy",,0,0.0,0,0,0,0.50
CLB 399F,"Gut, True Soul Zealot",,0,0.0,0,0,0,0.50
CLB 385F,"Imoen, Mystic Trickster",,0,0.0,0,0,0,0.50
CLB 436F,"Oji, the Exquisite Blade",,0,0.0,0,0,0,0.50
CLB 415F,"Bane, Lord of Darkness",,0,0.0,0,0,0,0.50
CLB 417F,"Cadira, Caller of the Small",,0,0.0,0,0,0,0.50
CLB 421F,"Dynaheir, Invoker Adept",,0,0.0,0,0,0,0.50
CLB 423F,"Gorion, Wise Mentor",,0,0.0,0,0,0,0.50
CLB 408F,"Halsin, Emerald Archdruid",,0,0.0,0,0,0,0.50
CLB 379F,"Lulu, Loyal Hollyphant",,0,0.0,0,0,0,0.50
CLB 432F,"Minthara, Merciless Soul",,0,0.0,0,0,0,0.50
CLB 433F,"Myrkul, Lord of Bones",,0,0.0,0,0,0,0.50
CLB 439F,"Rilsa Rael, Kingpin",,0,0.0,0,0,0,0.50
CLB 394F,"Viconia, Drow Apostate",,0,0.0,0,0,0,0.50
CLB 381F,"Alora, Merry Thief",,0,0.0,0,0,0,0.50
CLB 377F,"Ellyn Harbreeze, Busybody",,0,0.0,0,0,0,0.50
CLB 390F,"Safana, Calimport Cutthroat",,0,0.0,0,0,0,0.50
CLB 393F,"Sivriss, Nightmare Speaker",,0,0.0,0,0,0,0.50
CLB 441F,"Zevlor, Elturel Exile",,0,0.0,0,0,0,0.50
CLB 416F,"Bhaal, Lord of Murder",,0,0.0,0,0,0,0.50
CLB 391F,"Sarevok, Deathbringer",,0,0.0,0,0,0,0.50
CLB 387F,"Vhal, Candlekeep Researcher",,0,0.0,0,0,0,0.50
CLB 627F,"Baeloth Barrityl, Entertainer",,0,0.0,0,0,0,60.00
CLB 622F,"Burakos, Party Leader",,0,0.0,0,0,0,30.00
CLB 641F,"Faldorn, Dread Wolf Herald",,0,0.0,0,0,0,60.00
CLB 642F,"Firkraag, Cunning Instigator",,0,0.0,0,0,0,56.00
CLB 619F,"Zellix, Sanity Flayer",,0,0.0,0,0,0,48.00
