WHO 146,"The Master, Multiplied",,0,0.0,0,0,0,17.00
WHO 233,Heroic Intervention,,0,0.0,0,0,0,14.00
WHO 176,Cybermen Squadron,,0,0.0,0,0,0,10.00
WHO 245,Sol Ring,,0,0.0,0,0,0,1.50
WHO 222,Snuff Out,,0,0.0,0,0,0,9.50
WHO 18,Everybody Lives!,,0,0.0,0,0,0,9.50
WHO 255,Thought Vessel,,0,0.0,0,0,0,1.50
WHO 308,Stormcarved Coast,,0,0.0,0,0,0,3.00
WHO 243,Lightning Greaves,,0,0.0,0,0,0,6.00
WHO 36,Auton Soldier,,0,0.0,0,0,0,10.00
WHO 296,Reliquary Tower,,0,0.0,0,0,0,2.50
WHO 286,Haunted Ridge,,0,0.0,0,0,0,5.00
WHO 52,Quantum Misalignment,,0,0.0,0,0,0,6.00
WHO 39,Danny Pink,,0,0.0,0,0,0,5.00
WHO 252,Talisman of Indulgence,,0,0.0,0,0,0,2.00
WHO 85,Flaming Tyrannosaurus,,0,0.0,0,0,0,5.00
WHO 219,Propaganda,,0,0.0,0,0,0,3.00
WHO 305,Shipwreck Marsh,,0,0.0,0,0,0,4.50
WHO 235,Three Visits,,0,0.0,0,0,0,7.00
WHO 270,Deserted Beach,,0,0.0,0,0,0,3.00
WHO 174,Cyberman Patrol,,0,0.0,0,0,0,4.50
WHO 97,The Sound of Drums,,0,0.0,0,0,0,3.00
WHO 47,"K-9, Mark I",,0,0.0,0,0,0,1.50
WHO 229,Carpet of Flowers,,0,0.0,0,0,0,3.00
WHO 223,Wound Reflection,,0,0.0,0,0,0,2.50
WHO 310,Sundown Pass,,0,0.0,0,0,0,5.00
WHO 213,Wedding Ring,,0,0.0,0,0,0,5.00
WHO 207,Farewell,,0,0.0,0,0,0,5.50
WHO 274,Drowned Catacomb,,0,0.0,0,0,0,2.00
WHO 49,Nanogene Conversion,,0,0.0,0,0,0,4.50
WHO 122,Dinosaurs on a Spaceship,,0,0.0,0,0,0,5.00
WHO 226,Cursed Mirror,,0,0.0,0,0,0,1.00
WHO 100,Displaced Dinosaurs,,0,0.0,0,0,0,3.50
WHO 19,Everything Comes to Dust,,0,0.0,0,0,0,3.50
WHO 224,Blasphemous Act,,0,0.0,0,0,0,3.00
WHO 44,Flesh Duplicate,,0,0.0,0,0,0,5.50
WHO 84,Ensnared by the Mara,,0,0.0,0,0,0,1.50
WHO 330,War Room,,0,0.0,0,0,0,3.00
WHO 210,Path to Exile,,0,0.0,0,0,0,1.50
WHO 309,Sunbaked Canyon,,0,0.0,0,0,0,3.50
WHO 244,Mind Stone,,0,0.0,0,0,0,0.50
WHO 272,Dragonskull Summit,,0,0.0,0,0,0,1.50
WHO 239,Arcane Signet,,0,0.0,0,0,0,0.50
WHO 292,Overgrown Farmland,,0,0.0,0,0,0,3.00
WHO 217,Ponder,,0,0.0,0,0,0,2.50
WHO 73,Vashta Nerada,,0,0.0,0,0,0,1.50
WHO 287,Horizon Canopy,,0,0.0,0,0,0,1.50
WHO 54,Reverse the Polarity,,0,0.0,0,0,0,1.50
WHO 99,City of Death,,0,0.0,0,0,0,2.00
WHO 198,Island,,0,0.0,0,0,0,0.50
WHO 212,Swords to Plowshares,,0,0.0,0,0,0,2.00
WHO 278,Fiery Islet,,0,0.0,0,0,0,0.50
WHO 298,Rockfall Vale,,0,0.0,0,0,0,3.00
WHO 273,Dreamroot Cascade,,0,0.0,0,0,0,1.00
WHO 38,Cyber Conversion,,0,0.0,0,0,0,1.00
WHO 299,Rogue's Passage,,0,0.0,0,0,0,0.50
WHO 282,Frostboil Snarl,,0,0.0,0,0,0,0.50
WHO 331,Waterlogged Grove,,0,0.0,0,0,0,0.50
WHO 290,Myriad Landscape,,0,0.0,0,0,0,0.50
WHO 276,Exotic Orchard,,0,0.0,0,0,0,0.50
WHO 250,Talisman of Dominance,,0,0.0,0,0,0,1.00
WHO 232,Farseek,,0,0.0,0,0,0,2.00
WHO 115,Bigger on the Inside,,0,0.0,0,0,0,1.00
WHO 55,Star Whale,,0,0.0,0,0,0,1.00
WHO 293,Path of Ancestry,,0,0.0,0,0,0,0.25
WHO 228,Beast Within,,0,0.0,0,0,0,1.50
WHO 156,The Second Doctor,,0,0.0,0,0,0,0.50
WHO 316,Temple of Epiphany,,0,0.0,0,0,0,0.50
WHO 294,Port Town,,0,0.0,0,0,0,0.50
WHO 295,Prairie Stream,,0,0.0,0,0,0,0.50
WHO 186,Sonic Screwdriver,,0,0.0,0,0,0,0.50
WHO 225,Chaos Warp,,0,0.0,0,0,0,0.50
WHO 65,Dalek Squadron,,0,0.0,0,0,0,0.50
WHO 281,Frontier Bivouac,,0,0.0,0,0,0,0.50
WHO 279,Foreboding Ruins,,0,0.0,0,0,0,0.50
WHO 178,Laser Screwdriver,,0,0.0,0,0,0,1.00
WHO 43,Flatline,,0,0.0,0,0,0,0.50
WHO 230,Cultivate,,0,0.0,0,0,0,1.00
WHO 184,Sonic Screwdriver,,0,0.0,0,0,0,0.50
WHO 140,Last Night Together,,0,0.0,0,0,0,0.50
WHO 248,Talisman of Creativity,,0,0.0,0,0,0,2.00
WHO 236,Fractured Identity,,0,0.0,0,0,0,0.50
WHO 312,Sunken Hollow,,0,0.0,0,0,0,0.50
WHO 302,Seaside Citadel,,0,0.0,0,0,0,0.50
WHO 242,Heroes' Podium,,0,0.0,0,0,0,0.50
WHO 93,RMS Titanic,,0,0.0,0,0,0,0.50
WHO 234,Search for Tomorrow,,0,0.0,0,0,0,0.50
WHO 231,Explore,,0,0.0,0,0,0,0.25
WHO 237,Growth Spiral,,0,0.0,0,0,0,0.25
WHO 254,Talisman of Unity,,0,0.0,0,0,0,0.50
WHO 261,Choked Estuary,,0,0.0,0,0,0,0.50
WHO 264,Command Tower,,0,0.0,0,0,0,0.50
WHO 81,Delete,,0,0.0,0,0,0,0.50
WHO 251,Talisman of Impulse,,0,0.0,0,0,0,0.50
WHO 328,Thriving Moor,,0,0.0,0,0,0,0.25
WHO 314,Temple of Deceit,,0,0.0,0,0,0,0.50
WHO 329,Vineglimmer Snarl,,0,0.0,0,0,0,0.50
WHO 269,Darkwater Catacombs,,0,0.0,0,0,0,0.50
WHO 303,Shadowblood Ridge,,0,0.0,0,0,0,0.50
WHO 214,As Foretold,,0,0.0,0,0,0,0.50
WHO 320,Temple of the False God,,0,0.0,0,0,0,0.50
WHO 253,Talisman of Progress,,0,0.0,0,0,0,1.00
WHO 265,Command Tower,,0,0.0,0,0,0,0.50
WHO 256,Wayfarer's Bauble,,0,0.0,0,0,0,0.50
WHO 266,Command Tower,,0,0.0,0,0,0,0.50
WHO 318,Temple of Mystery,,0,0.0,0,0,0,0.50
WHO 268,Crumbling Necropolis,,0,0.0,0,0,0,0.50
WHO 86,The Flux,,0,0.0,0,0,0,0.50
WHO 197,Plains,,0,0.0,0,0,0,0.50
WHO 11,Astrid Peth,,0,0.0,0,0,0,0.50
WHO 221,Feed the Swarm,,0,0.0,0,0,0,0.50
WHO 323,Thespian's Stage,,0,0.0,0,0,0,0.50
WHO 218,Preordain,,0,0.0,0,0,0,2.00
WHO 297,River of Tears,,0,0.0,0,0,0,0.50
WHO 307,Smoldering Marsh,,0,0.0,0,0,0,0.50
WHO 185,Sonic Screwdriver,,0,0.0,0,0,0,0.50
WHO 177,Cybership,,0,0.0,0,0,0,0.50
WHO 182,River Song's Diary,,0,0.0,0,0,0,0.50
WHO 315,Temple of Enlightenment,,0,0.0,0,0,0,0.50
WHO 181,Psychic Paper,,0,0.0,0,0,0,0.50
WHO 263,Command Tower,,0,0.0,0,0,0,0.50
WHO 284,Game Trail,,0,0.0,0,0,0,0.50
WHO 131,Gallifrey Falls // No More,,0,0.0,0,0,0,0.50
WHO 1,Copy Token // Soldier Token,,0,0.0,0,0,0,0.50
WHO 195,The Thirteenth Doctor,,0,0.0,0,0,0,1.00
WHO 24,Cyberman Token // Dalek Token,,0,0.0,0,0,0,0.50
WHO 306,Skycloud Expanse,,0,0.0,0,0,0,0.50
WHO 60,Traverse Eternity,,0,0.0,0,0,0,0.50
WHO 80,Decaying Time Loop,,0,0.0,0,0,0,0.50
WHO 64,Dalek Drone,,0,0.0,0,0,0,0.50
WHO 267,Creeping Tar Pit,,0,0.0,0,0,0,0.50
WHO 69,Genesis of the Daleks,,0,0.0,0,0,0,0.50
WHO 89,"Iraxxa, Empress of Mars",,0,0.0,0,0,0,0.50
WHO 57,Surge of Brilliance,,0,0.0,0,0,0,0.50
WHO 14,Barbara Wright,,0,0.0,0,0,0,0.50
WHO 106,"Karvanista, Loyal Lupari",,0,0.0,0,0,0,0.50
WHO 159,The Sixth Doctor,,0,0.0,0,0,0,0.50
WHO 211,Return to Dust,,0,0.0,0,0,0,0.50
WHO 190,Trenzalore Clocktower,,0,0.0,0,0,0,0.50
WHO 88,Into the Time Vortex,,0,0.0,0,0,0,0.50
WHO 102,The Foretold Soldier,,0,0.0,0,0,0,0.50
WHO 42,Five Hundred Year Diary,,0,0.0,0,0,0,0.50
WHO 87,Impending Flux,,0,0.0,0,0,0,0.50
WHO 104,Graham O'Brien,,0,0.0,0,0,0,0.50
WHO 206,Day of Destiny,,0,0.0,0,0,0,0.50
WHO 249,Talisman of Curiosity,,0,0.0,0,0,0,0.50
WHO 171,"Bessie, the Doctor's Roadster",,0,0.0,0,0,0,0.50
WHO 262,Cinder Glade,,0,0.0,0,0,0,0.50
WHO 157,Sergeant John Benton,,0,0.0,0,0,0,0.50
WHO 45,The Flood of Mars,,0,0.0,0,0,0,0.50
WHO 285,Glacial Fortress,,0,0.0,0,0,0,0.50
WHO 48,Martha Jones,,0,0.0,0,0,0,0.50
WHO 168,Weeping Angel,,0,0.0,0,0,0,0.50
WHO 189,Ominous Cemetery,,0,0.0,0,0,0,0.50
WHO 66,Death in Heaven,,0,0.0,0,0,0,0.50
WHO 33,"Adric, Mathematical Genius",,0,0.0,0,0,0,0.50
WHO 24,The Night of the Doctor,,0,0.0,0,0,0,0.50
WHO 164,The Twelfth Doctor,,0,0.0,0,0,0,0.50
WHO 58,Time Beetle,,0,0.0,0,0,0,0.50
WHO 199,Island,,0,0.0,0,0,0,0.50
WHO 90,Memory Worm,,0,0.0,0,0,0,0.50
WHO 291,Mystic Monastery,,0,0.0,0,0,0,0.50
WHO 216,Inspiring Refrain,,0,0.0,0,0,0,0.50
WHO 200,Swamp,,0,0.0,0,0,0,0.50
WHO 23,Clue Token // Copy Token,,0,0.0,0,0,0,0.50
WHO 15,Mark of the Rani Token // Cyberman Token,,0,0.0,0,0,0,0.50
WHO 179,Midnight Crusader Shuttle,,0,0.0,0,0,0,0.50
WHO 9,Clara Oswald,,0,0.0,0,0,0,0.50
WHO 188,Gallifrey Council Chamber,,0,0.0,0,0,0,0.50
WHO 319,Temple of Plenty,,0,0.0,0,0,0,0.50
WHO 114,"The Beast, Deathless Prince",,0,0.0,0,0,0,0.50
WHO 119,The Cyber-Controller,,0,0.0,0,0,0,0.50
WHO 246,Solemn Simulacrum,,0,0.0,0,0,0,0.50
WHO 167,The War Doctor,,0,0.0,0,0,0,0.50
WHO 204,Forest,,0,0.0,0,0,0,0.50
WHO 67,Doomsday Confluence,,0,0.0,0,0,0,0.50
WHO 91,The Parting of the Ways,,0,0.0,0,0,0,0.50
WHO 27,Food Token // Copy Token,,0,0.0,0,0,0,0.50
WHO 260,Celestial Colonnade,,0,0.0,0,0,0,0.50
WHO 133,Great Intelligence's Plan,,0,0.0,0,0,0,0.50
WHO 62,"Wibbly-wobbly, Timey-wimey",,0,0.0,0,0,0,0.25
WHO 46,Hunted by The Family,,0,0.0,0,0,0,0.50
WHO 215,Clockspinning,,0,0.0,0,0,0,0.25
WHO 82,Donna Noble,,0,0.0,0,0,0,0.50
WHO 92,Return the Past,,0,0.0,0,0,0,0.50
WHO 202,Mountain,,0,0.0,0,0,0,0.50
WHO 227,Throes of Chaos,,0,0.0,0,0,0,0.50
WHO 30,Treasure Token // Alien Warrior Token,,0,0.0,0,0,0,0.50
WHO 134,Heaven Sent,,0,0.0,0,0,0,0.50
WHO 288,Irrigated Farmland,,0,0.0,0,0,0,0.50
WHO 74,Vislor Turlough,,0,0.0,0,0,0,0.50
WHO 208,Grasp of Fate,,0,0.0,0,0,0,0.50
WHO 317,Temple of Malice,,0,0.0,0,0,0,0.50
WHO 79,Day of the Moon,,0,0.0,0,0,0,0.50
WHO 20,Four Knocks,,0,0.0,0,0,0,0.50
WHO 183,Rotating Fireplace,,0,0.0,0,0,0,0.50
WHO 120,The Dalek Emperor,,0,0.0,0,0,0,0.50
WHO 257,Ash Barrens,,0,0.0,0,0,0,0.50
WHO 205,Forest,,0,0.0,0,0,0,0.50
WHO 300,Rootbound Crag,,0,0.0,0,0,0,1.00
WHO 275,Evolving Wilds,,0,0.0,0,0,0,0.25
WHO 53,Renegade Silent,,0,0.0,0,0,0,0.50
WHO 148,The Ninth Doctor,,0,0.0,0,0,0,0.50
WHO 70,This Is How It Ends,,0,0.0,0,0,0,0.50
WHO 201,Swamp,,0,0.0,0,0,0,0.50
WHO 280,Fortified Village,,0,0.0,0,0,0,0.50
WHO 152,River Song,,0,0.0,0,0,0,0.50
WHO 162,The Third Doctor,,0,0.0,0,0,0,0.50
WHO 313,Temple of Abandon,,0,0.0,0,0,0,0.50
WHO 112,"Alistair, the Brigadier",,0,0.0,0,0,0,0.50
WHO 173,Confession Dial,,0,0.0,0,0,0,0.50
WHO 147,"Me, the Immortal",,0,0.0,0,0,0,0.50
WHO 17,Beast Token // Fish Token,,0,0.0,0,0,0,0.50
WHO 163,Truth or Consequences,,0,0.0,0,0,0,0.50
WHO 311,Sungrass Prairie,,0,0.0,0,0,0,0.50
WHO 29,Trial of a Time Lord,,0,0.0,0,0,0,0.50
WHO 15,Mark of the Rani Token // Dalek Token,,0,0.0,0,0,0,0.50
WHO 196,Plains,,0,0.0,0,0,0,0.50
WHO 241,Hero's Blade,,0,0.0,0,0,0,0.50
WHO 56,Start the TARDIS,,0,0.0,0,0,0,0.50
WHO 34,"All of History, All at Once",,0,0.0,0,0,0,0.50
WHO 289,Lavaclaw Reaches,,0,0.0,0,0,0,0.50
WHO 145,"The Master, Mesmerist",,0,0.0,0,0,0,0.50
WHO 20,Dinosaur Token // Copy Token,,0,0.0,0,0,0,0.50
WHO 247,Talisman of Conviction,,0,0.0,0,0,0,0.50
WHO 19,Alien Insect Token // Mutant Token,,0,0.0,0,0,0,0.50
WHO 203,Mountain,,0,0.0,0,0,0,0.50
WHO 116,Blink,,0,0.0,0,0,0,0.50
WHO 161,Sycorax Commander,,0,0.0,0,0,0,0.50
WHO 180,The Moment,,0,0.0,0,0,0,0.50
WHO 25,The Pandorica,,0,0.0,0,0,0,0.50
WHO 22,Ian Chesterton,,0,0.0,0,0,0,0.50
WHO 28,Tegan Jovanka,,0,0.0,0,0,0,0.50
WHO 12,Dalek Token // Clue Token,,0,0.0,0,0,0,0.50
WHO 96,Sontaran General,,0,0.0,0,0,0,0.50
WHO 31,Treasure Token // Dalek Token,,0,0.0,0,0,0,0.50
WHO 151,Regenerations Restored,,0,0.0,0,0,0,0.50
WHO 155,Sally Sparrow,,0,0.0,0,0,0,0.50
WHO 41,The Eleventh Hour,,0,0.0,0,0,0,0.50
WHO 149,The Rani,,0,0.0,0,0,0,0.50
WHO 63,Zygon Infiltrator,,0,0.0,0,0,0,0.50
WHO 170,Ace's Baseball Bat,,0,0.0,0,0,0,0.50
WHO 154,Run for Your Life,,0,0.0,0,0,0,0.50
WHO 166,"Vrestin, Menoptra Leader",,0,0.0,0,0,0,0.50
WHO 595,Pompeii,,0,0.0,0,0,0,0.50
WHO 2,Alien Token // Copy Token,,0,0.0,0,0,0,0.50
WHO 240,Commander's Sphere,,0,0.0,0,0,0,0.25
WHO 68,Exterminate!,,0,0.0,0,0,0,0.50
WHO 27,Romana II,,0,0.0,0,0,0,0.50
WHO 95,Sibylline Soothsayer,,0,0.0,0,0,0,0.50
WHO 13,Banish to Another Universe,,0,0.0,0,0,0,0.50
WHO 138,Judoon Enforcers,,0,0.0,0,0,0,0.50
WHO 35,An Unearthly Child,,0,0.0,0,0,0,0.50
WHO 83,Ecstatic Beauty,,0,0.0,0,0,0,0.50
WHO 94,Ryan Sinclair,,0,0.0,0,0,0,0.50
WHO 109,Sisterhood of Karn,,0,0.0,0,0,0,0.50
WHO 125,The Eleventh Doctor,,0,0.0,0,0,0,0.50
WHO 21,The Girl in the Fireplace,,0,0.0,0,0,0,0.50
WHO 30,The War Games,,0,0.0,0,0,0,0.50
WHO 61,Twice Upon a Time,,0,0.0,0,0,0,0.50
WHO 322,Terramorphic Expanse,,0,0.0,0,0,0,0.25
WHO 123,"Duggan, Private Detective",,0,0.0,0,0,0,0.50
WHO 141,Lunar Hatchling,,0,0.0,0,0,0,0.50
WHO 209,Out of Time,,0,0.0,0,0,0,0.50
WHO 121,The Day of the Doctor,,0,0.0,0,0,0,0.50
WHO 158,The Seventh Doctor,,0,0.0,0,0,0,0.50
WHO 165,The Valeyard,,0,0.0,0,0,0,0.50
WHO 175,Cybermat,,0,0.0,0,0,0,0.50
WHO 26,Food Token // Copy Token,,0,0.0,0,0,0,0.50
WHO 172,Clockwork Droid,,0,0.0,0,0,0,0.50
WHO 327,Thriving Isle,,0,0.0,0,0,0,0.25
WHO 194,The Tenth Doctor,,0,0.0,0,0,0,1.00
WHO 51,Nyssa of Traken,,0,0.0,0,0,0,0.50
WHO 127,The Fifth Doctor,,0,0.0,0,0,0,0.50
WHO 8,Soldier Token // Mutant Token,,0,0.0,0,0,0,0.50
WHO 187,TARDIS,,0,0.0,0,0,0,0.50
WHO 169,Wreck and Rebuild,,0,0.0,0,0,0,0.50
WHO 10,Adipose Offspring,,0,0.0,0,0,0,0.50
WHO 75,Amy Pond,,0,0.0,0,0,0,0.50
WHO 17,Crisis of Conscience,,0,0.0,0,0,0,0.50
WHO 117,Cult of Skaro,,0,0.0,0,0,0,0.50
WHO 271,Desolate Lighthouse,,0,0.0,0,0,0,0.50
WHO 283,Furycalm Snarl,,0,0.0,0,0,0,0.50
WHO 277,Fetid Pools,,0,0.0,0,0,0,0.50
WHO 105,Jamie McCrimmon,,0,0.0,0,0,0,0.50
WHO 23,Jo Grant,,0,0.0,0,0,0,0.50
WHO 108,The Sea Devils,,0,0.0,0,0,0,0.50
WHO 113,"Ashad, the Lone Cyberman",,0,0.0,0,0,0,0.50
WHO 258,Canopy Vista,,0,0.0,0,0,0,0.50
WHO 77,Coward // Killer,,0,0.0,0,0,0,0.50
WHO 191,"Osgood, Operation Double",,0,0.0,0,0,0,0.50
WHO 72,The Toymaker's Trap,,0,0.0,0,0,0,0.50
WHO 12,Atraxi Warden,,0,0.0,0,0,0,0.50
WHO 192,"Davros, Dalek Creator",,0,0.0,0,0,0,1.00
WHO 139,Kate Stewart,,0,0.0,0,0,0,0.50
WHO 142,Madame Vastra,,0,0.0,0,0,0,0.50
WHO 153,Rory Williams,,0,0.0,0,0,0,0.50
WHO 238,Time Wipe,,0,0.0,0,0,0,0.50
WHO 12,Dalek Token // Alien Angel Token,,0,0.0,0,0,0,0.50
WHO 25,Food Token // Warrior Token,,0,0.0,0,0,0,0.50
WHO 27,Food Token // Alien Warrior Token,,0,0.0,0,0,0,0.50
WHO 59,Time Lord Regeneration,,0,0.0,0,0,0,0.50
WHO 26,Peri Brown,,0,0.0,0,0,0,0.50
WHO 110,Susan Foreman,,0,0.0,0,0,0,0.50
WHO 321,Temple of Triumph,,0,0.0,0,0,0,0.50
WHO 124,The Eighth Doctor,,0,0.0,0,0,0,0.50
WHO 126,The Face of Boe,,0,0.0,0,0,0,0.50
WHO 144,"The Master, Gallifrey's End",,0,0.0,0,0,0,0.50
WHO 32,Wilfred Mott,,0,0.0,0,0,0,0.50
WHO 11,Alien Angel Token // Mark of the Rani Token,,0,0.0,0,0,0,0.50
WHO 3,Alien Rhino Token // Alien Warrior Token,,0,0.0,0,0,0,0.50
WHO 568,Aplan Mortarium,,0,0.0,0,0,0,0.50
WHO 571,Bowie Base One,,0,0.0,0,0,0,0.50
WHO 24,Cyberman Token // Alien Angel Token,,0,0.0,0,0,0,0.50
WHO 20,Dinosaur Token // Soldier Token,,0,0.0,0,0,0,0.50
WHO 586,Kerblam! Warehouse,,0,0.0,0,0,0,0.50
WHO 593,North Pole Research Base,,0,0.0,0,0,0,0.50
WHO 599,Spectrox Mines,,0,0.0,0,0,0,0.50
WHO 600,Stormcage Containment Facility,,0,0.0,0,0,0,0.50
WHO 601,TARDIS Bay,,0,0.0,0,0,0,0.50
WHO 579,The Doctor's Childhood Barn,,0,0.0,0,0,0,0.50
WHO 580,The Doctor's Tomb,,0,0.0,0,0,0,0.50
WHO 589,The Matrix of Time,,0,0.0,0,0,0,0.50
WHO 28,Treasure Token // Warrior Token,,0,0.0,0,0,0,0.50
WHO 193,The Fourth Doctor,,0,0.0,0,0,0,1.00
WHO 37,Become the Pilot,,0,0.0,0,0,0,0.50
WHO 78,Dan Lewis,,0,0.0,0,0,0,0.50
WHO 132,Gallifrey Stands,,0,0.0,0,0,0,0.50
WHO 136,Jenny Flint,,0,0.0,0,0,0,0.50
WHO 107,"Leela, Sevateem Warrior",,0,0.0,0,0,0,0.50
WHO 50,"Nardole, Resourceful Cyborg",,0,0.0,0,0,0,0.50
WHO 150,"Rassilon, the War President",,0,0.0,0,0,0,0.50
WHO 301,Scattered Groves,,0,0.0,0,0,0,0.50
WHO 304,Sheltered Thicket,,0,0.0,0,0,0,0.50
WHO 128,The First Doctor,,0,0.0,0,0,0,0.50
WHO 101,The Five Doctors,,0,0.0,0,0,0,0.50
WHO 16,Alien Salamander Token // Alien Insect Token,,0,0.0,0,0,0,0.50
WHO 567,Antarctic Research Base,,0,0.0,0,0,0,0.50
WHO 569,Bad Wolf Bay,,0,0.0,0,0,0,0.50
WHO 572,Caught in a Parallel Universe,,0,0.0,0,0,0,0.50
WHO 575,City of the Daleks,,0,0.0,0,0,0,0.50
WHO 577,Dalek Intensive Care,,0,0.0,0,0,0,0.50
WHO 40,Don't Blink,,0,0.0,0,0,0,0.50
WHO 583,Gardens of Tranquil Repose,,0,0.0,0,0,0,0.50
WHO 584,Hotel of Fears,,0,0.0,0,0,0,0.50
WHO 585,Human-Time Lord Meta-Crisis,,0,0.0,0,0,0,0.50
WHO 587,Lake Silencio,,0,0.0,0,0,0,0.50
WHO 590,Mondassian Colony Ship,,0,0.0,0,0,0,0.50
WHO 592,New New York,,0,0.0,0,0,0,0.50
WHO 596,Prime Minister's Cabinet Room,,0,0.0,0,0,0,0.50
WHO 598,Singing Towers of Darillium,,0,0.0,0,0,0,0.50
WHO 602,Temple of Atropos,,0,0.0,0,0,0,0.50
WHO 574,The Cheetah Planet,,0,0.0,0,0,0,0.50
WHO 578,The Dining Car,,0,0.0,0,0,0,0.50
WHO 588,The Lux Foundation Library,,0,0.0,0,0,0,0.50
WHO 591,The Moonbase,,0,0.0,0,0,0,0.50
WHO 326,Thriving Heath,,0,0.0,0,0,0,0.25
WHO 603,Two Streams Facility,,0,0.0,0,0,0,0.50
WHO 604,UNIT Headquarters,,0,0.0,0,0,0,0.50
WHO 605,Unleash the Flux,,0,0.0,0,0,0,0.50
WHO 98,"Ace, Fearless Rebel",,0,0.0,0,0,0,0.50
WHO 103,Fugitive of the Judoon,,0,0.0,0,0,0,0.50
WHO 137,"Jenny, Generated Anomaly",,0,0.0,0,0,0,0.50
WHO 15,The Caves of Androzani,,0,0.0,0,0,0,0.50
WHO 118,The Curse of Fenric,,0,0.0,0,0,0,0.50
WHO 130,The Fugitive Doctor,,0,0.0,0,0,0,0.50
WHO 566,Amy's Home,,0,0.0,0,0,0,0.50
WHO 570,Besieged Viking Village,,0,0.0,0,0,0,0.50
WHO 576,Coal Hill School,,0,0.0,0,0,0,0.50
WHO 582,Fixed Point in Time,,0,0.0,0,0,0,0.50
WHO 4,Horse Token // Soldier Token,,0,0.0,0,0,0,0.50
WHO 573,The Cave of Skulls,,0,0.0,0,0,0,0.50
WHO 581,"The Drum, Mining Facility",,0,0.0,0,0,0,0.50
WHO 597,The Pyramid of Mars,,0,0.0,0,0,0,0.50
WHO 111,Thijarian Witness,,0,0.0,0,0,0,0.50
WHO 71,Time Reaper,,0,0.0,0,0,0,0.50
WHO 7,Human Noble Token // Clue Token,,0,0.0,0,0,0,0.50
WHO 18,Mutant Token // Alien Salamander Token,,0,0.0,0,0,0,0.50
WHO 594,Ood Sphere,,0,0.0,0,0,0,0.50
WHO 32,"Osgood, Operation Double Token // Copy Token",,0,0.0,0,0,0,0.50
WHO 259,Canyon Slough,,0,0.0,0,0,0,0.50
WHO 129,Frost Fair Lure Fish,,0,0.0,0,0,0,0.50
WHO 143,"The Master, Formed Anew",,0,0.0,0,0,0,0.50
WHO 31,The Wedding of River Song,,0,0.0,0,0,0,0.50
WHO 11,Alien Angel Token // Copy Token,,0,0.0,0,0,0,0.50
WHO 2,Alien Token // Dinosaur Token,,0,0.0,0,0,0,0.50
WHO 5,Human Token // Treasure Token,,0,0.0,0,0,0,0.50
WHO 220,Think Twice,,0,0.0,0,0,0,0.25
WHO 324,Thriving Bluff,,0,0.0,0,0,0,0.25
WHO 16,Crack in Time,,0,0.0,0,0,0,0.50
WHO 135,"Idris, Soul of the TARDIS",,0,0.0,0,0,0,0.50
WHO 160,"Strax, Sontaran Nurse",,0,0.0,0,0,0,0.50
WHO 325,Thriving Grove,,0,0.0,0,0,0,0.25
WHO 6,Human Token // Fish Token,,0,0.0,0,0,0,0.50
WHO 76,Bill Potts,,0,0.0,0,0,0,0.50
WHO 13,Human Rogue Token // Clue Token,,0,0.0,0,0,0,0.50
WHO 44F,Flesh Duplicate,,0,0.0,0,0,0,18.00
WHO 890F,Rogue's Passage,,0,0.0,0,0,0,10.00
WHO 310F,Sundown Pass,,0,0.0,0,0,0,7.00
WHO 10F,Fish Token,,0,0.0,0,0,0,2.50
WHO 705F,Displaced Dinosaurs,,0,0.0,0,0,0,22.00
WHO 100F,Displaced Dinosaurs,,0,0.0,0,0,0,11.00
WHO 4F,The Thirteenth Doctor,,0,0.0,0,0,0,1.00
WHO 85F,Flaming Tyrannosaurus,,0,0.0,0,0,0,9.00
WHO 243F,Lightning Greaves,,0,0.0,0,0,0,9.00
WHO 52F,Quantum Misalignment,,0,0.0,0,0,0,9.00
WHO 812F,Feed the Swarm,,0,0.0,0,0,0,14.00
WHO 39F,Danny Pink,,0,0.0,0,0,0,7.00
WHO 674F,Genesis of the Daleks,,0,0.0,0,0,0,10.00
WHO 245F,Sol Ring,,0,0.0,0,0,0,5.00
WHO 694F,"Iraxxa, Empress of Mars",,0,0.0,0,0,0,11.00
WHO 887F,Reliquary Tower,,0,0.0,0,0,0,11.00
WHO 305F,Shipwreck Marsh,,0,0.0,0,0,0,5.50
WHO 218F,Preordain,,0,0.0,0,0,0,8.00
WHO 146F,"The Master, Multiplied",,0,0.0,0,0,0,16.00
WHO 751F,"The Master, Multiplied",,0,0.0,0,0,0,16.00
WHO 222F,Snuff Out,,0,0.0,0,0,0,14.00
WHO 286F,Haunted Ridge,,0,0.0,0,0,0,5.00
WHO 652F,"K-9, Mark I",,0,0.0,0,0,0,5.00
WHO 834F,Lightning Greaves,,0,0.0,0,0,0,16.00
WHO 839F,Talisman of Creativity,,0,0.0,0,0,0,16.00
WHO 658F,Renegade Silent,,0,0.0,0,0,0,6.50
WHO 276F,Exotic Orchard,,0,0.0,0,0,0,2.50
WHO 781F,Cybermen Squadron,,0,0.0,0,0,0,15.00
WHO 823F,Farseek,,0,0.0,0,0,0,15.00
WHO 779F,Cyberman Patrol,,0,0.0,0,0,0,9.50
WHO 820F,Carpet of Flowers,,0,0.0,0,0,0,7.00
WHO 239F,Arcane Signet,,0,0.0,0,0,0,3.00
WHO 251F,Talisman of Impulse,,0,0.0,0,0,0,5.50
WHO 298F,Rockfall Vale,,0,0.0,0,0,0,4.00
WHO 813F,Snuff Out,,0,0.0,0,0,0,26.00
WHO 233F,Heroic Intervention,,0,0.0,0,0,0,13.00
WHO 660F,Star Whale,,0,0.0,0,0,0,13.00
WHO 217F,Ponder,,0,0.0,0,0,0,6.50
WHO 213F,Wedding Ring,,0,0.0,0,0,0,6.50
WHO 803F,Swords to Plowshares,,0,0.0,0,0,0,8.00
WHO 867F,Exotic Orchard,,0,0.0,0,0,0,5.00
WHO 97F,The Sound of Drums,,0,0.0,0,0,0,5.00
WHO 235F,Three Visits,,0,0.0,0,0,0,11.00
WHO 228F,Beast Within,,0,0.0,0,0,0,5.50
WHO 840F,Talisman of Curiosity,,0,0.0,0,0,0,7.00
WHO 47F,"K-9, Mark I",,0,0.0,0,0,0,4.00
WHO 727F,Dinosaurs on a Spaceship,,0,0.0,0,0,0,11.00
WHO 863F,Dragonskull Summit,,0,0.0,0,0,0,3.00
WHO 784F,Midnight Crusader Shuttle,,0,0.0,0,0,0,9.50
WHO 838F,Talisman of Conviction,,0,0.0,0,0,0,9.50
WHO 818F,Throes of Chaos,,0,0.0,0,0,0,9.50
WHO 18F,Everybody Lives!,,0,0.0,0,0,0,18.00
WHO 830F,Arcane Signet,,0,0.0,0,0,0,9.00
WHO 704F,City of Death,,0,0.0,0,0,0,9.00
WHO 739F,Heaven Sent,,0,0.0,0,0,0,9.00
WHO 224F,Blasphemous Act,,0,0.0,0,0,0,5.50
WHO 54F,Clue Token,,0,0.0,0,0,0,5.50
WHO 673F,Exterminate!,,0,0.0,0,0,0,5.50
WHO 174F,Cyberman Patrol,,0,0.0,0,0,0,8.00
WHO 736F,Gallifrey Falls // No More,,0,0.0,0,0,0,8.00
WHO 691F,The Flux,,0,0.0,0,0,0,8.00
WHO 221F,Feed the Swarm,,0,0.0,0,0,0,3.00
WHO 3F,The Tenth Doctor,,0,0.0,0,0,0,1.00
WHO 808F,Ponder,,0,0.0,0,0,0,14.00
WHO 882F,Mystic Monastery,,0,0.0,0,0,0,7.00
WHO 49F,Nanogene Conversion,,0,0.0,0,0,0,7.00
WHO 115F,Bigger on the Inside,,0,0.0,0,0,0,5.00
WHO 219F,Propaganda,,0,0.0,0,0,0,5.00
WHO 61F,Treasure Token,,0,0.0,0,0,0,5.00
WHO 226F,Cursed Mirror,,0,0.0,0,0,0,3.50
WHO 20F,Dinosaur Token,,0,0.0,0,0,0,3.00
WHO 84F,Ensnared by the Mara,,0,0.0,0,0,0,3.00
WHO 281F,Frontier Bivouac,,0,0.0,0,0,0,3.00
WHO 296F,Reliquary Tower,,0,0.0,0,0,0,6.50
WHO 55F,Star Whale,,0,0.0,0,0,0,4.00
WHO 65F,Dalek Squadron,,0,0.0,0,0,0,2.00
WHO 273F,Dreamroot Cascade,,0,0.0,0,0,0,2.00
WHO 819F,Beast Within,,0,0.0,0,0,0,14.00
WHO 176F,Cybermen Squadron,,0,0.0,0,0,0,14.00
WHO 872F,Frontier Bivouac,,0,0.0,0,0,0,7.00
WHO 810F,Propaganda,,0,0.0,0,0,0,13.00
WHO 790F,Sonic Screwdriver,,0,0.0,0,0,0,13.00
WHO 866F,Evolving Wilds,,0,0.0,0,0,0,6.50
WHO 667F,"Wibbly-wobbly, Timey-wimey",,0,0.0,0,0,0,6.50
WHO 14F,Alien Warrior Token,,0,0.0,0,0,0,3.00
WHO 794F,Ominous Cemetery,,0,0.0,0,0,0,3.00
WHO 308F,Stormcarved Coast,,0,0.0,0,0,0,3.00
WHO 246F,Solemn Simulacrum,,0,0.0,0,0,0,2.50
WHO 292F,Overgrown Farmland,,0,0.0,0,0,0,5.50
WHO 263F,Command Tower,,0,0.0,0,0,0,3.00
WHO 230F,Cultivate,,0,0.0,0,0,0,3.00
WHO 178F,Laser Screwdriver,,0,0.0,0,0,0,3.00
WHO 857F,Command Tower,,0,0.0,0,0,0,3.50
WHO 859F,Crumbling Necropolis,,0,0.0,0,0,0,3.50
WHO 644F,Danny Pink,,0,0.0,0,0,0,10.00
WHO 841F,Talisman of Dominance,,0,0.0,0,0,0,10.00
WHO 738F,Great Intelligence's Plan,,0,0.0,0,0,0,5.00
WHO 809F,Preordain,,0,0.0,0,0,0,12.00
WHO 831F,Commander's Sphere,,0,0.0,0,0,0,4.00
WHO 185F,Sonic Screwdriver,,0,0.0,0,0,0,5.50
WHO 864F,Dreamroot Cascade,,0,0.0,0,0,0,2.00
WHO 836F,Sol Ring,,0,0.0,0,0,0,9.50
WHO 835F,Mind Stone,,0,0.0,0,0,0,5.00
WHO 255F,Thought Vessel,,0,0.0,0,0,0,3.00
WHO 73F,Vashta Nerada,,0,0.0,0,0,0,3.00
WHO 215F,Clockspinning,,0,0.0,0,0,0,2.50
WHO 38F,Cyber Conversion,,0,0.0,0,0,0,2.50
WHO 24F,Cyberman Token,,0,0.0,0,0,0,2.50
WHO 268F,Crumbling Necropolis,,0,0.0,0,0,0,1.50
WHO 290F,Myriad Landscape,,0,0.0,0,0,0,1.00
WHO 893F,Seaside Citadel,,0,0.0,0,0,0,9.00
WHO 846F,Thought Vessel,,0,0.0,0,0,0,8.00
WHO 89F,"Iraxxa, Empress of Mars",,0,0.0,0,0,0,4.00
WHO 698F,RMS Titanic,,0,0.0,0,0,0,4.00
WHO 212F,Swords to Plowshares,,0,0.0,0,0,0,4.00
WHO 664F,Time Lord Regeneration,,0,0.0,0,0,0,4.00
WHO 247F,Talisman of Conviction,,0,0.0,0,0,0,2.00
WHO 122F,Dinosaurs on a Spaceship,,0,0.0,0,0,0,7.00
WHO 207F,Farewell,,0,0.0,0,0,0,7.00
WHO 184F,Sonic Screwdriver,,0,0.0,0,0,0,3.00
WHO 1F,Copy Token,,0,0.0,0,0,0,2.50
WHO 320F,Temple of the False God,,0,0.0,0,0,0,1.00
WHO 42F,Fish Token,,0,0.0,0,0,0,3.00
WHO 791F,Sonic Screwdriver,,0,0.0,0,0,0,8.00
WHO 33F,Copy Token,,0,0.0,0,0,0,4.00
WHO 232F,Farseek,,0,0.0,0,0,0,7.00
WHO 663F,Time Beetle,,0,0.0,0,0,0,7.00
WHO 661F,Start the TARDIS,,0,0.0,0,0,0,3.50
WHO 662F,Surge of Brilliance,,0,0.0,0,0,0,3.50
WHO 56F,Cyberman Token,,0,0.0,0,0,0,2.50
WHO 93F,RMS Titanic,,0,0.0,0,0,0,2.50
WHO 58F,Time Beetle,,0,0.0,0,0,0,2.50
WHO 325F,Thriving Grove,,0,0.0,0,0,0,1.00
WHO 43F,Flatline,,0,0.0,0,0,0,1.00
WHO 2F,The Fourth Doctor,,0,0.0,0,0,0,1.00
WHO 6F,Sarah Jane Smith,,0,0.0,0,0,0,0.50
WHO 99F,City of Death,,0,0.0,0,0,0,6.50
WHO 854F,Command Tower,,0,0.0,0,0,0,6.50
WHO 856F,Command Tower,,0,0.0,0,0,0,6.50
WHO 801F,Path to Exile,,0,0.0,0,0,0,6.50
WHO 825F,Search for Tomorrow,,0,0.0,0,0,0,6.50
WHO 309F,Sunbaked Canyon,,0,0.0,0,0,0,6.50
WHO 900F,Sunbaked Canyon,,0,0.0,0,0,0,6.50
WHO 843F,Talisman of Indulgence,,0,0.0,0,0,0,6.50
WHO 678F,Vashta Nerada,,0,0.0,0,0,0,6.50
WHO 46F,Alien Warrior Token,,0,0.0,0,0,0,3.00
WHO 914F,Thespian's Stage,,0,0.0,0,0,0,3.00
WHO 285F,Glacial Fortress,,0,0.0,0,0,0,1.50
WHO 64F,"Osgood, Operation Double Token",,0,0.0,0,0,0,7.00
WHO 52F,Dinosaur Token,,0,0.0,0,0,0,3.00
WHO 179F,Midnight Crusader Shuttle,,0,0.0,0,0,0,1.50
WHO 45F,The Flood of Mars,,0,0.0,0,0,0,1.00
WHO 196F,Plains,,0,0.0,0,0,0,0.50
WHO 721F,Blink,,0,0.0,0,0,0,2.00
WHO 684F,Day of the Moon,,0,0.0,0,0,0,2.00
WHO 299F,Rogue's Passage,,0,0.0,0,0,0,2.00
WHO 331F,Waterlogged Grove,,0,0.0,0,0,0,2.00
WHO 240F,Commander's Sphere,,0,0.0,0,0,0,1.00
WHO 719F,"The Beast, Deathless Prince",,0,0.0,0,0,0,1.00
WHO 229F,Carpet of Flowers,,0,0.0,0,0,0,5.50
WHO 671F,Death in Heaven,,0,0.0,0,0,0,5.50
WHO 689F,Ensnared by the Mara,,0,0.0,0,0,0,5.50
WHO 19F,Everything Comes to Dust,,0,0.0,0,0,0,5.50
WHO 693F,Into the Time Vortex,,0,0.0,0,0,0,5.50
WHO 783F,Laser Screwdriver,,0,0.0,0,0,0,5.50
WHO 837F,Solemn Simulacrum,,0,0.0,0,0,0,5.50
WHO 899F,Stormcarved Coast,,0,0.0,0,0,0,5.50
WHO 248F,Talisman of Creativity,,0,0.0,0,0,0,5.50
WHO 911F,Temple of the False God,,0,0.0,0,0,0,5.50
WHO 238F,Time Wipe,,0,0.0,0,0,0,0.50
WHO 19F,Alien Insect Token,,0,0.0,0,0,0,2.00
WHO 66F,Death in Heaven,,0,0.0,0,0,0,2.00
WHO 189F,Ominous Cemetery,,0,0.0,0,0,0,1.00
WHO 634F,Trial of a Time Lord,,0,0.0,0,0,0,5.50
WHO 55F,Clue Token,,0,0.0,0,0,0,3.00
WHO 264F,Command Tower,,0,0.0,0,0,0,3.00
WHO 44F,Dalek Token,,0,0.0,0,0,0,3.00
WHO 822F,Explore,,0,0.0,0,0,0,3.00
WHO 828F,Growth Spiral,,0,0.0,0,0,0,3.00
WHO 796F,"Osgood, Operation Double",,0,0.0,0,0,0,3.00
WHO 91F,The Parting of the Ways,,0,0.0,0,0,0,1.00
WHO 323F,Thespian's Stage,,0,0.0,0,0,0,1.00
WHO 88F,Into the Time Vortex,,0,0.0,0,0,0,0.50
WHO 815F,Blasphemous Act,,0,0.0,0,0,0,5.00
WHO 817F,Cursed Mirror,,0,0.0,0,0,0,5.00
WHO 685F,Decaying Time Loop,,0,0.0,0,0,0,5.00
WHO 743F,Judoon Enforcers,,0,0.0,0,0,0,5.00
WHO 814F,Wound Reflection,,0,0.0,0,0,0,5.00
WHO 265F,Command Tower,,0,0.0,0,0,0,2.50
WHO 266F,Command Tower,,0,0.0,0,0,0,2.50
WHO 80F,Decaying Time Loop,,0,0.0,0,0,0,2.50
WHO 68F,Exterminate!,,0,0.0,0,0,0,2.50
WHO 833F,Heroes' Podium,,0,0.0,0,0,0,2.50
WHO 86F,The Flux,,0,0.0,0,0,0,2.50
WHO 917F,Thriving Heath,,0,0.0,0,0,0,2.50
WHO 29F,Treasure Token,,0,0.0,0,0,0,2.50
WHO 278F,Fiery Islet,,0,0.0,0,0,0,1.50
WHO 186F,Sonic Screwdriver,,0,0.0,0,0,0,3.00
WHO 293F,Path of Ancestry,,0,0.0,0,0,0,0.50
WHO 51F,Alien Insect Token,,0,0.0,0,0,0,2.50
WHO 57F,Surge of Brilliance,,0,0.0,0,0,0,1.50
WHO 256F,Wayfarer's Bauble,,0,0.0,0,0,0,1.00
WHO 231F,Explore,,0,0.0,0,0,0,1.00
WHO 267F,Creeping Tar Pit,,0,0.0,0,0,0,0.50
WHO 282F,Frostboil Snarl,,0,0.0,0,0,0,0.50
WHO 208F,Grasp of Fate,,0,0.0,0,0,0,0.50
WHO 92F,Return the Past,,0,0.0,0,0,0,0.50
WHO 167F,The War Doctor,,0,0.0,0,0,0,0.50
WHO 8F,Missy,,0,0.0,0,0,0,0.50
WHO 125F,The Eleventh Doctor,,0,0.0,0,0,0,0.50
WHO 686F,Delete,,0,0.0,0,0,0,4.00
WHO 695F,Memory Worm,,0,0.0,0,0,0,4.00
WHO 881F,Myriad Landscape,,0,0.0,0,0,0,4.00
WHO 844F,Talisman of Progress,,0,0.0,0,0,0,4.00
WHO 254F,Talisman of Unity,,0,0.0,0,0,0,4.00
WHO 915F,Thriving Bluff,,0,0.0,0,0,0,4.00
WHO 1159F,Island,,0,0.0,0,0,0,2.00
WHO 210F,Path to Exile,,0,0.0,0,0,0,2.00
WHO 24F,The Night of the Doctor,,0,0.0,0,0,0,2.00
WHO 773F,Weeping Angel,,0,0.0,0,0,0,2.00
WHO 668F,Zygon Infiltrator,,0,0.0,0,0,0,2.00
WHO 134F,Heaven Sent,,0,0.0,0,0,0,1.00
WHO 244F,Mind Stone,,0,0.0,0,0,0,1.00
WHO 127F,The Fifth Doctor,,0,0.0,0,0,0,0.50
WHO 816F,Chaos Warp,,0,0.0,0,0,0,4.00
WHO 202F,Mountain,,0,0.0,0,0,0,0.50
WHO 850F,Canyon Slough,,0,0.0,0,0,0,3.50
WHO 643F,Cyber Conversion,,0,0.0,0,0,0,3.50
WHO 270F,Deserted Beach,,0,0.0,0,0,0,3.50
WHO 274F,Drowned Catacomb,,0,0.0,0,0,0,3.50
WHO 302F,Seaside Citadel,,0,0.0,0,0,0,3.50
WHO 696F,The Parting of the Ways,,0,0.0,0,0,0,3.50
WHO 64F,Dalek Drone,,0,0.0,0,0,0,1.00
WHO 25F,Food Token,,0,0.0,0,0,0,1.00
WHO 291F,Mystic Monastery,,0,0.0,0,0,0,1.00
WHO 234F,Search for Tomorrow,,0,0.0,0,0,0,1.00
WHO 128F,The First Doctor,,0,0.0,0,0,0,0.50
WHO 102F,The Foretold Soldier,,0,0.0,0,0,0,0.50
WHO 616F,Astrid Peth,,0,0.0,0,0,0,3.00
WHO 617F,Atraxi Warden,,0,0.0,0,0,0,3.00
WHO 669F,Dalek Drone,,0,0.0,0,0,0,3.00
WHO 868F,Fetid Pools,,0,0.0,0,0,0,3.00
WHO 869F,Fiery Islet,,0,0.0,0,0,0,3.00
WHO 54F,Reverse the Polarity,,0,0.0,0,0,0,3.00
WHO 916F,Thriving Grove,,0,0.0,0,0,0,3.00
WHO 922F,Waterlogged Grove,,0,0.0,0,0,0,3.00
WHO 912F,Temple of Triumph,,0,0.0,0,0,0,1.50
WHO 30F,Treasure Token,,0,0.0,0,0,0,1.50
WHO 1165F,Forest,,0,0.0,0,0,0,1.00
WHO 847F,Wayfarer's Bauble,,0,0.0,0,0,0,3.50
WHO 20F,Four Knocks,,0,0.0,0,0,0,1.00
WHO 106F,"Karvanista, Loyal Lupari",,0,0.0,0,0,0,1.00
WHO 197F,Plains,,0,0.0,0,0,0,1.00
WHO 157F,Sergeant John Benton,,0,0.0,0,0,0,1.00
WHO 905F,Temple of Deceit,,0,0.0,0,0,0,1.00
WHO 21F,The Girl in the Fireplace,,0,0.0,0,0,0,1.00
WHO 53F,Renegade Silent,,0,0.0,0,0,0,0.50
WHO 301F,Scattered Groves,,0,0.0,0,0,0,0.50
WHO 156F,The Second Doctor,,0,0.0,0,0,0,0.50
WHO 190F,Trenzalore Clocktower,,0,0.0,0,0,0,0.50
WHO 214F,As Foretold,,0,0.0,0,0,0,0.50
WHO 775F,Ace's Baseball Bat,,0,0.0,0,0,0,3.00
WHO 618F,Banish to Another Universe,,0,0.0,0,0,0,3.00
WHO 9F,Clara Oswald,,0,0.0,0,0,0,3.00
WHO 777F,Clockwork Droid,,0,0.0,0,0,0,3.00
WHO 22F,Clue Token,,0,0.0,0,0,0,3.00
WHO 272F,Dragonskull Summit,,0,0.0,0,0,0,3.00
WHO 57F,Food Token,,0,0.0,0,0,0,3.00
WHO 708F,Fugitive of the Judoon,,0,0.0,0,0,0,3.00
WHO 876F,Glacial Fortress,,0,0.0,0,0,0,3.00
WHO 287F,Horizon Canopy,,0,0.0,0,0,0,3.00
WHO 769F,The Twelfth Doctor,,0,0.0,0,0,0,3.00
WHO 768F,Truth or Consequences,,0,0.0,0,0,0,3.00
WHO 5F,Rose Tyler,,0,0.0,0,0,0,0.50
WHO 832F,Hero's Blade,,0,0.0,0,0,0,3.00
WHO 34F,"All of History, All at Once",,0,0.0,0,0,0,0.50
WHO 108F,The Sea Devils,,0,0.0,0,0,0,0.50
WHO 645F,Don't Blink,,0,0.0,0,0,0,2.50
WHO 687F,Donna Noble,,0,0.0,0,0,0,2.50
WHO 884F,Path of Ancestry,,0,0.0,0,0,0,2.50
WHO 626F,The Girl in the Fireplace,,0,0.0,0,0,0,2.50
WHO 665F,Traverse Eternity,,0,0.0,0,0,0,2.50
WHO 177F,Cybership,,0,0.0,0,0,0,1.00
WHO 12F,Dalek Token,,0,0.0,0,0,0,1.00
WHO 131F,Gallifrey Falls // No More,,0,0.0,0,0,0,1.00
WHO 41F,The Eleventh Hour,,0,0.0,0,0,0,1.00
WHO 795F,Trenzalore Clocktower,,0,0.0,0,0,0,1.00
WHO 79F,Day of the Moon,,0,0.0,0,0,0,1.00
WHO 199F,Island,,0,0.0,0,0,0,1.00
WHO 182F,River Song's Diary,,0,0.0,0,0,0,1.00
WHO 40F,Soldier Token,,0,0.0,0,0,0,1.00
WHO 96F,Sontaran General,,0,0.0,0,0,0,1.00
WHO 289F,Lavaclaw Reaches,,0,0.0,0,0,0,0.50
WHO 225F,Chaos Warp,,0,0.0,0,0,0,2.00
WHO 870F,Foreboding Ruins,,0,0.0,0,0,0,2.00
WHO 875F,Game Trail,,0,0.0,0,0,0,2.00
WHO 69F,Genesis of the Daleks,,0,0.0,0,0,0,2.00
WHO 1163F,Mountain,,0,0.0,0,0,0,2.50
WHO 802F,Return to Dust,,0,0.0,0,0,0,1.00
WHO 140F,Last Night Together,,0,0.0,0,0,0,1.00
WHO 885F,Port Town,,0,0.0,0,0,0,2.00
WHO 898F,Smoldering Marsh,,0,0.0,0,0,0,2.00
WHO 903F,Sunken Hollow,,0,0.0,0,0,0,2.00
WHO 792F,TARDIS,,0,0.0,0,0,0,2.00
WHO 322F,Terramorphic Expanse,,0,0.0,0,0,0,2.00
WHO 28F,Treasure Token,,0,0.0,0,0,0,2.00
WHO 31F,Treasure Token,,0,0.0,0,0,0,2.00
WHO 29F,Trial of a Time Lord,,0,0.0,0,0,0,2.00
WHO 771F,"Vrestin, Menoptra Leader",,0,0.0,0,0,0,2.00
WHO 62F,"Wibbly-wobbly, Timey-wimey",,0,0.0,0,0,0,2.00
WHO 637F,Wilfred Mott,,0,0.0,0,0,0,2.00
WHO 113F,"Ashad, the Lone Cyberman",,0,0.0,0,0,0,0.50
WHO 260F,Celestial Colonnade,,0,0.0,0,0,0,0.50
WHO 205F,Forest,,0,0.0,0,0,0,0.50
WHO 18F,Mutant Token,,0,0.0,0,0,0,0.50
WHO 315F,Temple of Enlightenment,,0,0.0,0,0,0,0.50
WHO 318F,Temple of Mystery,,0,0.0,0,0,0,0.50
WHO 753F,The Ninth Doctor,,0,0.0,0,0,0,0.50
WHO 67F,Doomsday Confluence,,0,0.0,0,0,0,0.50
WHO 277F,Fetid Pools,,0,0.0,0,0,0,0.50
WHO 279F,Foreboding Ruins,,0,0.0,0,0,0,0.50
WHO 799F,Grasp of Fate,,0,0.0,0,0,0,0.50
WHO 242F,Heroes' Podium,,0,0.0,0,0,0,0.50
WHO 216F,Inspiring Refrain,,0,0.0,0,0,0,0.50
WHO 295F,Prairie Stream,,0,0.0,0,0,0,0.50
WHO 118F,The Curse of Fenric,,0,0.0,0,0,0,0.50
WHO 120F,The Dalek Emperor,,0,0.0,0,0,0,0.50
WHO 646F,The Eleventh Hour,,0,0.0,0,0,0,0.50
WHO 30F,The War Games,,0,0.0,0,0,0,0.50
WHO 14F,Barbara Wright,,0,0.0,0,0,0,1.50
WHO 258F,Canopy Vista,,0,0.0,0,0,0,1.50
WHO 81F,Delete,,0,0.0,0,0,0,1.50
WHO 672F,Doomsday Confluence,,0,0.0,0,0,0,1.50
WHO 728F,"Duggan, Private Detective",,0,0.0,0,0,0,1.50
WHO 275F,Evolving Wilds,,0,0.0,0,0,0,1.50
WHO 237F,Growth Spiral,,0,0.0,0,0,0,1.50
WHO 879F,Irrigated Farmland,,0,0.0,0,0,0,1.50
WHO 90F,Memory Worm,,0,0.0,0,0,0,1.50
WHO 788F,Rotating Fireplace,,0,0.0,0,0,0,1.50
WHO 892F,Scattered Groves,,0,0.0,0,0,0,1.50
WHO 307F,Smoldering Marsh,,0,0.0,0,0,0,1.50
WHO 754F,The Rani,,0,0.0,0,0,0,1.50
WHO 772F,The War Doctor,,0,0.0,0,0,0,1.50
WHO 681F,Bill Potts,,0,0.0,0,0,0,1.00
WHO 628F,Jo Grant,,0,0.0,0,0,0,1.00
WHO 153F,Rory Williams,,0,0.0,0,0,0,1.00
WHO 761F,The Second Doctor,,0,0.0,0,0,0,1.00
WHO 328F,Thriving Moor,,0,0.0,0,0,0,1.00
WHO 59F,Time Lord Regeneration,,0,0.0,0,0,0,1.00
WHO 1162F,Mountain,,0,0.0,0,0,0,1.50
WHO 329F,Vineglimmer Snarl,,0,0.0,0,0,0,1.00
WHO 774F,Wreck and Rebuild,,0,0.0,0,0,0,1.00
WHO 35F,Alien Rhino Token,,0,0.0,0,0,0,0.50
WHO 46F,Hunted by The Family,,0,0.0,0,0,0,0.50
WHO 50F,Mutant Token,,0,0.0,0,0,0,0.50
WHO 95F,Sibylline Soothsayer,,0,0.0,0,0,0,0.50
WHO 306F,Skycloud Expanse,,0,0.0,0,0,0,0.50
WHO 8F,Soldier Token,,0,0.0,0,0,0,0.50
WHO 164F,The Twelfth Doctor,,0,0.0,0,0,0,0.50
WHO 163F,Truth or Consequences,,0,0.0,0,0,0,0.50
WHO 75F,Amy Pond,,0,0.0,0,0,0,0.50
WHO 35F,An Unearthly Child,,0,0.0,0,0,0,0.50
WHO 203F,Mountain,,0,0.0,0,0,0,0.50
WHO 294F,Port Town,,0,0.0,0,0,0,0.50
WHO 181F,Psychic Paper,,0,0.0,0,0,0,0.50
WHO 759F,Run for Your Life,,0,0.0,0,0,0,0.50
WHO 56F,Start the TARDIS,,0,0.0,0,0,0,0.50
WHO 675F,This Is How It Ends,,0,0.0,0,0,0,0.50
WHO 168F,Weeping Angel,,0,0.0,0,0,0,0.50
WHO 116F,Blink,,0,0.0,0,0,0,1.00
WHO 23F,Clue Token,,0,0.0,0,0,0,1.00
WHO 874F,Furycalm Snarl,,0,0.0,0,0,0,1.00
WHO 312F,Sunken Hollow,,0,0.0,0,0,0,1.00
WHO 620F,The Caves of Androzani,,0,0.0,0,0,0,1.00
WHO 22F,Ian Chesterton,,0,0.0,0,0,0,0.50
WHO 119F,The Cyber-Controller,,0,0.0,0,0,0,1.00
WHO 609F,The Thirteenth Doctor,,0,0.0,0,0,0,1.00
WHO 636F,The Wedding of River Song,,0,0.0,0,0,0,1.00
WHO 326F,Thriving Heath,,0,0.0,0,0,0,1.00
WHO 327F,Thriving Isle,,0,0.0,0,0,0,1.00
WHO 920F,Vineglimmer Snarl,,0,0.0,0,0,0,1.00
WHO 3F,Alien Rhino Token,,0,0.0,0,0,0,0.50
WHO 171F,"Bessie, the Doctor's Roadster",,0,0.0,0,0,0,0.50
WHO 77F,Coward // Killer,,0,0.0,0,0,0,0.50
WHO 117F,Cult of Skaro,,0,0.0,0,0,0,0.50
WHO 40F,Don't Blink,,0,0.0,0,0,0,0.50
WHO 104F,Graham O'Brien,,0,0.0,0,0,0,0.50
WHO 133F,Great Intelligence's Plan,,0,0.0,0,0,0,0.50
WHO 39F,Human Noble Token,,0,0.0,0,0,0,0.50
WHO 5F,Human Token,,0,0.0,0,0,0,0.50
WHO 288F,Irrigated Farmland,,0,0.0,0,0,0,0.50
WHO 198F,Island,,0,0.0,0,0,0,0.50
WHO 147F,"Me, the Immortal",,0,0.0,0,0,0,0.50
WHO 209F,Out of Time,,0,0.0,0,0,0,0.50
WHO 183F,Rotating Fireplace,,0,0.0,0,0,0,0.50
WHO 109F,Sisterhood of Karn,,0,0.0,0,0,0,0.50
WHO 161F,Sycorax Commander,,0,0.0,0,0,0,0.50
WHO 313F,Temple of Abandon,,0,0.0,0,0,0,0.50
WHO 317F,Temple of Malice,,0,0.0,0,0,0,0.50
WHO 908F,Temple of Malice,,0,0.0,0,0,0,0.50
WHO 126F,The Face of Boe,,0,0.0,0,0,0,0.50
WHO 785F,The Moment,,0,0.0,0,0,0,0.50
WHO 25F,The Pandorica,,0,0.0,0,0,0,0.50
WHO 61F,Twice Upon a Time,,0,0.0,0,0,0,0.50
WHO 166F,"Vrestin, Menoptra Leader",,0,0.0,0,0,0,0.50
WHO 1F,"Davros, Dalek Creator",,0,0.0,0,0,0,1.00
WHO 625F,Four Knocks,,0,0.0,0,0,0,1.00
WHO 236F,Fractured Identity,,0,0.0,0,0,0,1.00
WHO 873F,Frostboil Snarl,,0,0.0,0,0,0,1.00
WHO 284F,Game Trail,,0,0.0,0,0,0,1.00
WHO 699F,Ryan Sinclair,,0,0.0,0,0,0,1.00
WHO 894F,Shadowblood Ridge,,0,0.0,0,0,0,1.00
WHO 904F,Temple of Abandon,,0,0.0,0,0,0,1.00
WHO 121F,The Day of the Doctor,,0,0.0,0,0,0,1.00
WHO 607F,The Fourth Doctor,,0,0.0,0,0,0,1.00
WHO 735F,The Fugitive Doctor,,0,0.0,0,0,0,1.00
WHO 608F,The Tenth Doctor,,0,0.0,0,0,0,1.00
WHO 60F,Traverse Eternity,,0,0.0,0,0,0,1.00
WHO 11F,Alien Angel Token,,0,0.0,0,0,0,0.50
WHO 13F,Banish to Another Universe,,0,0.0,0,0,0,0.50
WHO 172F,Clockwork Droid,,0,0.0,0,0,0,0.50
WHO 21F,Clue Token,,0,0.0,0,0,0,0.50
WHO 173F,Confession Dial,,0,0.0,0,0,0,0.50
WHO 621F,Crack in Time,,0,0.0,0,0,0,0.50
WHO 283F,Furycalm Snarl,,0,0.0,0,0,0,1.00
WHO 271F,Desolate Lighthouse,,0,0.0,0,0,0,0.50
WHO 103F,Fugitive of the Judoon,,0,0.0,0,0,0,0.50
WHO 188F,Gallifrey Council Chamber,,0,0.0,0,0,0,0.50
WHO 87F,Impending Flux,,0,0.0,0,0,0,0.50
WHO 23F,Jo Grant,,0,0.0,0,0,0,0.50
WHO 139F,Kate Stewart,,0,0.0,0,0,0,0.50
WHO 50F,"Nardole, Resourceful Cyborg",,0,0.0,0,0,0,0.50
WHO 151F,Regenerations Restored,,0,0.0,0,0,0,0.50
WHO 154F,Run for Your Life,,0,0.0,0,0,0,0.50
WHO 187F,TARDIS,,0,0.0,0,0,0,0.50
WHO 633F,Tegan Jovanka,,0,0.0,0,0,0,0.50
WHO 316F,Temple of Epiphany,,0,0.0,0,0,0,0.50
WHO 15F,The Caves of Androzani,,0,0.0,0,0,0,0.50
WHO 70F,This Is How It Ends,,0,0.0,0,0,0,0.50
WHO 17F,Beast Token,,0,0.0,0,0,0,0.50
WHO 269F,Darkwater Catacombs,,0,0.0,0,0,0,0.50
WHO 42F,Five Hundred Year Diary,,0,0.0,0,0,0,0.50
WHO 280F,Fortified Village,,0,0.0,0,0,0,0.50
WHO 632F,Romana II,,0,0.0,0,0,0,0.50
WHO 114F,"The Beast, Deathless Prince",,0,0.0,0,0,0,0.50
WHO 148F,The Ninth Doctor,,0,0.0,0,0,0,0.50
WHO 811F,Think Twice,,0,0.0,0,0,0,0.50
WHO 170F,Ace's Baseball Bat,,0,0.0,0,0,0,0.50
WHO 615F,Adipose Offspring,,0,0.0,0,0,0,0.50
WHO 15F,Mark of the Rani Token,,0,0.0,0,0,0,0.50
WHO 43F,Alien Angel Token,,0,0.0,0,0,0,0.50
WHO 16F,Alien Salamander Token,,0,0.0,0,0,0,0.50
WHO 48F,Alien Salamander Token,,0,0.0,0,0,0,0.50
WHO 2F,Alien Token,,0,0.0,0,0,0,0.50
WHO 112F,"Alistair, the Brigadier",,0,0.0,0,0,0,0.50
WHO 12F,Atraxi Warden,,0,0.0,0,0,0,0.50
WHO 17F,Crisis of Conscience,,0,0.0,0,0,0,0.50
WHO 175F,Cybermat,,0,0.0,0,0,0,0.50
WHO 83F,Ecstatic Beauty,,0,0.0,0,0,0,0.50
WHO 26F,Food Token,,0,0.0,0,0,0,0.50
WHO 129F,Frost Fair Lure Fish,,0,0.0,0,0,0,0.50
WHO 734F,Frost Fair Lure Fish,,0,0.0,0,0,0,0.50
WHO 7F,Human Noble Token,,0,0.0,0,0,0,0.50
WHO 135F,"Idris, Soul of the TARDIS",,0,0.0,0,0,0,0.50
WHO 136F,Jenny Flint,,0,0.0,0,0,0,0.50
WHO 138F,Judoon Enforcers,,0,0.0,0,0,0,0.50
WHO 744F,Kate Stewart,,0,0.0,0,0,0,0.50
WHO 141F,Lunar Hatchling,,0,0.0,0,0,0,0.50
WHO 47F,Mark of the Rani Token,,0,0.0,0,0,0,0.50
WHO 51F,Nyssa of Traken,,0,0.0,0,0,0,0.50
WHO 26F,Peri Brown,,0,0.0,0,0,0,0.50
WHO 150F,"Rassilon, the War President",,0,0.0,0,0,0,0.50
WHO 755F,"Rassilon, the War President",,0,0.0,0,0,0,0.50
WHO 211F,Return to Dust,,0,0.0,0,0,0,0.50
WHO 27F,Romana II,,0,0.0,0,0,0,0.50
WHO 94F,Ryan Sinclair,,0,0.0,0,0,0,0.50
WHO 155F,Sally Sparrow,,0,0.0,0,0,0,0.50
WHO 110F,Susan Foreman,,0,0.0,0,0,0,0.50
WHO 200F,Swamp,,0,0.0,0,0,0,0.50
WHO 201F,Swamp,,0,0.0,0,0,0,0.50
WHO 766F,Sycorax Commander,,0,0.0,0,0,0,0.50
WHO 910F,Temple of Plenty,,0,0.0,0,0,0,0.50
WHO 321F,Temple of Triumph,,0,0.0,0,0,0,0.50
WHO 124F,The Eighth Doctor,,0,0.0,0,0,0,0.50
WHO 729F,The Eighth Doctor,,0,0.0,0,0,0,0.50
WHO 730F,The Eleventh Doctor,,0,0.0,0,0,0,0.50
WHO 707F,The Foretold Soldier,,0,0.0,0,0,0,0.50
WHO 143F,"The Master, Formed Anew",,0,0.0,0,0,0,0.50
WHO 144F,"The Master, Gallifrey's End",,0,0.0,0,0,0,0.50
WHO 763F,The Seventh Doctor,,0,0.0,0,0,0,0.50
WHO 162F,The Third Doctor,,0,0.0,0,0,0,0.50
WHO 72F,The Toymaker's Trap,,0,0.0,0,0,0,0.50
WHO 31F,The Wedding of River Song,,0,0.0,0,0,0,0.50
WHO 111F,Thijarian Witness,,0,0.0,0,0,0,0.50
WHO 220F,Think Twice,,0,0.0,0,0,0,0.50
WHO 71F,Time Reaper,,0,0.0,0,0,0,0.50
WHO 676F,Time Reaper,,0,0.0,0,0,0,0.50
WHO 63F,Zygon Infiltrator,,0,0.0,0,0,0,0.50
WHO 98F,"Ace, Fearless Rebel",,0,0.0,0,0,0,0.50
WHO 703F,"Ace, Fearless Rebel",,0,0.0,0,0,0,0.50
WHO 10F,Adipose Offspring,,0,0.0,0,0,0,0.50
WHO 33F,"Adric, Mathematical Genius",,0,0.0,0,0,0,1.00
WHO 638F,"Adric, Mathematical Genius",,0,0.0,0,0,0,2.50
WHO 34F,Alien Token,,0,0.0,0,0,0,0.50
WHO 717F,"Alistair, the Brigadier",,0,0.0,0,0,0,2.00
WHO 639F,"All of History, All at Once",,0,0.0,0,0,0,2.50
WHO 680F,Amy Pond,,0,0.0,0,0,0,3.00
WHO 640F,An Unearthly Child,,0,0.0,0,0,0,2.00
WHO 805F,As Foretold,,0,0.0,0,0,0,2.00
WHO 257F,Ash Barrens,,0,0.0,0,0,0,1.00
WHO 848F,Ash Barrens,,0,0.0,0,0,0,2.50
WHO 718F,"Ashad, the Lone Cyberman",,0,0.0,0,0,0,2.50
WHO 11F,Astrid Peth,,0,0.0,0,0,0,3.00
WHO 36F,Auton Soldier,,0,0.0,0,0,0,18.00
WHO 619F,Barbara Wright,,0,0.0,0,0,0,3.00
WHO 49F,Beast Token,,0,0.0,0,0,0,2.50
WHO 37F,Become the Pilot,,0,0.0,0,0,0,0.50
WHO 642F,Become the Pilot,,0,0.0,0,0,0,0.50
WHO 776F,"Bessie, the Doctor's Roadster",,0,0.0,0,0,0,2.00
WHO 720F,Bigger on the Inside,,0,0.0,0,0,0,20.00
WHO 76F,Bill Potts,,0,0.0,0,0,0,0.50
WHO 849F,Canopy Vista,,0,0.0,0,0,0,2.00
WHO 259F,Canyon Slough,,0,0.0,0,0,0,0.50
WHO 851F,Celestial Colonnade,,0,0.0,0,0,0,1.50
WHO 641F,Auton Soldier,,0,0.0,0,0,0,20.00
WHO 261F,Choked Estuary,,0,0.0,0,0,0,0.50
WHO 852F,Choked Estuary,,0,0.0,0,0,0,1.00
WHO 262F,Cinder Glade,,0,0.0,0,0,0,1.50
WHO 853F,Cinder Glade,,0,0.0,0,0,0,3.00
WHO 614F,Clara Oswald,,0,0.0,0,0,0,8.00
WHO 806F,Clockspinning,,0,0.0,0,0,0,9.00
WHO 53F,Clue Token,,0,0.0,0,0,0,2.50
WHO 855F,Command Tower,,0,0.0,0,0,0,12.00
WHO 778F,Confession Dial,,0,0.0,0,0,0,0.50
WHO 682F,Coward // Killer,,0,0.0,0,0,0,2.50
WHO 16F,Crack in Time,,0,0.0,0,0,0,0.50
WHO 858F,Creeping Tar Pit,,0,0.0,0,0,0,1.00
WHO 622F,Crisis of Conscience,,0,0.0,0,0,0,0.50
WHO 722F,Cult of Skaro,,0,0.0,0,0,0,1.00
WHO 780F,Cybermat,,0,0.0,0,0,0,4.00
WHO 782F,Cybership,,0,0.0,0,0,0,3.00
WHO 670F,Dalek Squadron,,0,0.0,0,0,0,6.50
WHO 78F,Dan Lewis,,0,0.0,0,0,0,0.50
WHO 683F,Dan Lewis,,0,0.0,0,0,0,1.00
WHO 860F,Darkwater Catacombs,,0,0.0,0,0,0,1.50
WHO 606F,"Davros, Dalek Creator",,0,0.0,0,0,0,2.00
WHO 206F,Day of Destiny,,0,0.0,0,0,0,0.50
WHO 797F,Day of Destiny,,0,0.0,0,0,0,1.00
WHO 861F,Deserted Beach,,0,0.0,0,0,0,6.50
WHO 821F,Cultivate,,0,0.0,0,0,0,5.00
WHO 862F,Desolate Lighthouse,,0,0.0,0,0,0,0.50
WHO 82F,Donna Noble,,0,0.0,0,0,0,0.50
WHO 865F,Drowned Catacomb,,0,0.0,0,0,0,5.50
WHO 123F,"Duggan, Private Detective",,0,0.0,0,0,0,0.50
WHO 688F,Ecstatic Beauty,,0,0.0,0,0,0,2.00
WHO 623F,Everybody Lives!,,0,0.0,0,0,0,28.00
WHO 798F,Farewell,,0,0.0,0,0,0,9.50
WHO 647F,Five Hundred Year Diary,,0,0.0,0,0,0,3.50
WHO 690F,Flaming Tyrannosaurus,,0,0.0,0,0,0,9.50
WHO 648F,Flatline,,0,0.0,0,0,0,2.00
WHO 649F,Flesh Duplicate,,0,0.0,0,0,0,28.00
WHO 27F,Food Token,,0,0.0,0,0,0,0.50
WHO 58F,Food Token,,0,0.0,0,0,0,2.50
WHO 59F,Food Token,,0,0.0,0,0,0,3.00
WHO 204F,Forest,,0,0.0,0,0,0,0.50
WHO 1164F,Forest,,0,0.0,0,0,0,1.50
WHO 871F,Fortified Village,,0,0.0,0,0,0,0.50
WHO 827F,Fractured Identity,,0,0.0,0,0,0,1.50
WHO 793F,Gallifrey Council Chamber,,0,0.0,0,0,0,1.00
WHO 132F,Gallifrey Stands,,0,0.0,0,0,0,0.50
WHO 737F,Gallifrey Stands,,0,0.0,0,0,0,2.00
WHO 709F,Graham O'Brien,,0,0.0,0,0,0,0.50
WHO 877F,Haunted Ridge,,0,0.0,0,0,0,8.00
WHO 241F,Hero's Blade,,0,0.0,0,0,0,0.50
WHO 624F,Everything Comes to Dust,,0,0.0,0,0,0,10.00
WHO 824F,Heroic Intervention,,0,0.0,0,0,0,14.00
WHO 878F,Horizon Canopy,,0,0.0,0,0,0,5.00
WHO 4F,Horse Token,,0,0.0,0,0,0,1.50
WHO 13F,Human Rogue Token,,0,0.0,0,0,0,0.50
WHO 45F,Human Rogue Token,,0,0.0,0,0,0,2.50
WHO 6F,Human Token,,0,0.0,0,0,0,0.50
WHO 37F,Human Token,,0,0.0,0,0,0,3.50
WHO 38F,Human Token,,0,0.0,0,0,0,0.50
WHO 651F,Hunted by The Family,,0,0.0,0,0,0,0.50
WHO 627F,Ian Chesterton,,0,0.0,0,0,0,1.00
WHO 740F,"Idris, Soul of the TARDIS",,0,0.0,0,0,0,0.50
WHO 692F,Impending Flux,,0,0.0,0,0,0,1.50
WHO 807F,Inspiring Refrain,,0,0.0,0,0,0,0.50
WHO 1158F,Island,,0,0.0,0,0,0,2.00
WHO 105F,Jamie McCrimmon,,0,0.0,0,0,0,0.50
WHO 710F,Jamie McCrimmon,,0,0.0,0,0,0,1.00
WHO 741F,Jenny Flint,,0,0.0,0,0,0,0.50
WHO 137F,"Jenny, Generated Anomaly",,0,0.0,0,0,0,0.50
WHO 742F,"Jenny, Generated Anomaly",,0,0.0,0,0,0,0.50
WHO 711F,"Karvanista, Loyal Lupari",,0,0.0,0,0,0,4.00
WHO 745F,Last Night Together,,0,0.0,0,0,0,2.50
WHO 880F,Lavaclaw Reaches,,0,0.0,0,0,0,0.50
WHO 107F,"Leela, Sevateem Warrior",,0,0.0,0,0,0,0.50
WHO 712F,"Leela, Sevateem Warrior",,0,0.0,0,0,0,1.00
WHO 36F,Horse Token,,0,0.0,0,0,0,2.50
WHO 746F,Lunar Hatchling,,0,0.0,0,0,0,0.50
WHO 142F,Madame Vastra,,0,0.0,0,0,0,0.50
WHO 747F,Madame Vastra,,0,0.0,0,0,0,0.50
WHO 48F,Martha Jones,,0,0.0,0,0,0,0.50
WHO 653F,Martha Jones,,0,0.0,0,0,0,1.50
WHO 752F,"Me, the Immortal",,0,0.0,0,0,0,5.00
WHO 613F,Missy,,0,0.0,0,0,0,0.50
WHO 654F,Nanogene Conversion,,0,0.0,0,0,0,13.00
WHO 655F,"Nardole, Resourceful Cyborg",,0,0.0,0,0,0,1.00
WHO 656F,Nyssa of Traken,,0,0.0,0,0,0,1.00
WHO 191F,"Osgood, Operation Double",,0,0.0,0,0,0,0.50
WHO 32F,"Osgood, Operation Double Token",,0,0.0,0,0,0,3.50
WHO 800F,Out of Time,,0,0.0,0,0,0,2.00
WHO 883F,Overgrown Farmland,,0,0.0,0,0,0,5.00
WHO 631F,Peri Brown,,0,0.0,0,0,0,1.00
WHO 886F,Prairie Stream,,0,0.0,0,0,0,2.00
WHO 786F,Psychic Paper,,0,0.0,0,0,0,4.00
WHO 657F,Quantum Misalignment,,0,0.0,0,0,0,9.00
WHO 756F,Regenerations Restored,,0,0.0,0,0,0,0.50
WHO 697F,Return the Past,,0,0.0,0,0,0,1.50
WHO 659F,Reverse the Polarity,,0,0.0,0,0,0,3.50
WHO 297F,River of Tears,,0,0.0,0,0,0,0.50
WHO 888F,River of Tears,,0,0.0,0,0,0,1.00
WHO 1156F,Plains,,0,0.0,0,0,0,0.50
WHO 1157F,Plains,,0,0.0,0,0,0,1.00
WHO 152F,River Song,,0,0.0,0,0,0,1.00
WHO 757F,River Song,,0,0.0,0,0,0,3.00
WHO 787F,River Song's Diary,,0,0.0,0,0,0,3.00
WHO 889F,Rockfall Vale,,0,0.0,0,0,0,8.00
WHO 300F,Rootbound Crag,,0,0.0,0,0,0,3.00
WHO 891F,Rootbound Crag,,0,0.0,0,0,0,5.00
WHO 758F,Rory Williams,,0,0.0,0,0,0,1.50
WHO 610F,Rose Tyler,,0,0.0,0,0,0,1.00
WHO 760F,Sally Sparrow,,0,0.0,0,0,0,1.00
WHO 611F,Sarah Jane Smith,,0,0.0,0,0,0,0.50
WHO 762F,Sergeant John Benton,,0,0.0,0,0,0,3.50
WHO 303F,Shadowblood Ridge,,0,0.0,0,0,0,0.50
WHO 304F,Sheltered Thicket,,0,0.0,0,0,0,0.50
WHO 895F,Sheltered Thicket,,0,0.0,0,0,0,2.50
WHO 896F,Shipwreck Marsh,,0,0.0,0,0,0,6.50
WHO 700F,Sibylline Soothsayer,,0,0.0,0,0,0,5.00
WHO 714F,Sisterhood of Karn,,0,0.0,0,0,0,1.00
WHO 897F,Skycloud Expanse,,0,0.0,0,0,0,2.00
WHO 789F,Sonic Screwdriver,,0,0.0,0,0,0,9.50
WHO 701F,Sontaran General,,0,0.0,0,0,0,3.00
WHO 160F,"Strax, Sontaran Nurse",,0,0.0,0,0,0,0.50
WHO 765F,"Strax, Sontaran Nurse",,0,0.0,0,0,0,0.50
WHO 901F,Sundown Pass,,0,0.0,0,0,0,8.00
WHO 311F,Sungrass Prairie,,0,0.0,0,0,0,0.50
WHO 902F,Sungrass Prairie,,0,0.0,0,0,0,0.50
WHO 715F,Susan Foreman,,0,0.0,0,0,0,1.00
WHO 1160F,Swamp,,0,0.0,0,0,0,1.00
WHO 249F,Talisman of Curiosity,,0,0.0,0,0,0,3.00
WHO 250F,Talisman of Dominance,,0,0.0,0,0,0,5.50
WHO 252F,Talisman of Indulgence,,0,0.0,0,0,0,5.00
WHO 253F,Talisman of Progress,,0,0.0,0,0,0,5.00
WHO 845F,Talisman of Unity,,0,0.0,0,0,0,5.50
WHO 28F,Tegan Jovanka,,0,0.0,0,0,0,0.50
WHO 314F,Temple of Deceit,,0,0.0,0,0,0,1.00
WHO 906F,Temple of Enlightenment,,0,0.0,0,0,0,0.50
WHO 907F,Temple of Epiphany,,0,0.0,0,0,0,1.00
WHO 909F,Temple of Mystery,,0,0.0,0,0,0,0.50
WHO 319F,Temple of Plenty,,0,0.0,0,0,0,0.50
WHO 913F,Terramorphic Expanse,,0,0.0,0,0,0,6.50
WHO 723F,The Curse of Fenric,,0,0.0,0,0,0,1.50
WHO 724F,The Cyber-Controller,,0,0.0,0,0,0,3.00
WHO 725F,The Dalek Emperor,,0,0.0,0,0,0,3.00
WHO 726F,The Day of the Doctor,,0,0.0,0,0,0,3.50
WHO 731F,The Face of Boe,,0,0.0,0,0,0,0.50
WHO 732F,The Fifth Doctor,,0,0.0,0,0,0,0.50
WHO 733F,The First Doctor,,0,0.0,0,0,0,0.50
WHO 101F,The Five Doctors,,0,0.0,0,0,0,0.50
WHO 706F,The Five Doctors,,0,0.0,0,0,0,0.50
WHO 1161F,Swamp,,0,0.0,0,0,0,1.00
WHO 842F,Talisman of Impulse,,0,0.0,0,0,0,11.00
WHO 650F,The Flood of Mars,,0,0.0,0,0,0,3.00
WHO 130F,The Fugitive Doctor,,0,0.0,0,0,0,0.50
WHO 748F,"The Master, Formed Anew",,0,0.0,0,0,0,1.00
WHO 749F,"The Master, Gallifrey's End",,0,0.0,0,0,0,1.50
WHO 145F,"The Master, Mesmerist",,0,0.0,0,0,0,0.50
WHO 750F,"The Master, Mesmerist",,0,0.0,0,0,0,1.00
WHO 180F,The Moment,,0,0.0,0,0,0,0.50
WHO 629F,The Night of the Doctor,,0,0.0,0,0,0,7.00
WHO 630F,The Pandorica,,0,0.0,0,0,0,0.50
WHO 149F,The Rani,,0,0.0,0,0,0,0.50
WHO 713F,The Sea Devils,,0,0.0,0,0,0,3.00
WHO 158F,The Seventh Doctor,,0,0.0,0,0,0,0.50
WHO 159F,The Sixth Doctor,,0,0.0,0,0,0,0.50
WHO 764F,The Sixth Doctor,,0,0.0,0,0,0,0.50
WHO 702F,The Sound of Drums,,0,0.0,0,0,0,7.00
WHO 767F,The Third Doctor,,0,0.0,0,0,0,0.50
WHO 677F,The Toymaker's Trap,,0,0.0,0,0,0,0.50
WHO 165F,The Valeyard,,0,0.0,0,0,0,0.50
WHO 770F,The Valeyard,,0,0.0,0,0,0,1.00
WHO 635F,The War Games,,0,0.0,0,0,0,2.00
WHO 716F,Thijarian Witness,,0,0.0,0,0,0,2.00
WHO 826F,Three Visits,,0,0.0,0,0,0,20.00
WHO 324F,Thriving Bluff,,0,0.0,0,0,0,1.00
WHO 918F,Thriving Isle,,0,0.0,0,0,0,3.00
WHO 919F,Thriving Moor,,0,0.0,0,0,0,3.00
WHO 227F,Throes of Chaos,,0,0.0,0,0,0,2.00
WHO 829F,Time Wipe,,0,0.0,0,0,0,2.00
WHO 60F,Treasure Token,,0,0.0,0,0,0,3.00
WHO 62F,Treasure Token,,0,0.0,0,0,0,6.50
WHO 63F,Treasure Token,,0,0.0,0,0,0,3.00
WHO 666F,Twice Upon a Time,,0,0.0,0,0,0,1.50
WHO 74F,Vislor Turlough,,0,0.0,0,0,0,0.50
WHO 679F,Vislor Turlough,,0,0.0,0,0,0,1.50
WHO 330F,War Room,,0,0.0,0,0,0,5.00
WHO 921F,War Room,,0,0.0,0,0,0,7.50
WHO 9F,Warrior Token,,0,0.0,0,0,0,1.00
WHO 804F,Wedding Ring,,0,0.0,0,0,0,8.00
WHO 32F,Wilfred Mott,,0,0.0,0,0,0,0.50
WHO 223F,Wound Reflection,,0,0.0,0,0,0,3.50
WHO 169F,Wreck and Rebuild,,0,0.0,0,0,0,0.50
WHO 7F,Yasmin Khan,,0,0.0,0,0,0,0.50
WHO 612F,Yasmin Khan,,0,0.0,0,0,0,1.00
WHO 41F,Warrior Token,,0,0.0,0,0,0,2.50
