3rd-Edition,3ED
4th-Edition,4ED
5th-Edition,5ED
6th-Edition,6ED
7th-Edition,7ED
8th-Edition,8ED
9th-Edition,9ED
10th-Edition,XED
2010-Core-Set,M10
2011-Core-Set,M11
2012-Core-Set,M12
2013-Core-Set,M13
2014-Core-Set,M14
2015-Core-Set,M15
Aether-Revolt,AER
Alara-Reborn,ARB
Alliances,ALL
Alpha,LEA
Amonkhet,AKH
Anthologies,ATH
Antiquities,ANT
Apocalypse,APC
Arabian-Nights,ARN
Archenemy,ARC
Archenemy-Nicol-Bolas,E01
Avacyn-Restored,AVR
Battle-for-Zendikar,BFZ
Battle-Royal,BRB
Battlebond,BBD
Beatdown,BTD
Beta,LEB
Betrayers-of-Kamigawa,BOK
Born-of-the-Gods,BNG
Champions-of-Kamigawa,COK
Chronicles,CHR
Coldsnap,CSP
Commander,CMD
Commander-2013,C13
Commander-2014,C14
Commander-2015,C15
Commander-2016,C16
Commander-2017,C17
Commander-2018,C18
Commander-2019,C19
Commander-2020,C20
Commander-Anthology,CMA
Commander-Anthology-Vol-II,CM2
Commanders-Arsenal,CM1
Commander-Legends,CMR
Commander-Legends-Variants,CMR
Conflux,CON
Conspiracy,CNS
Conspiracy-Take-the-Crown,CN2
Core-Set-2019,M19
Core-Set-2020,M20
Core-Set-2021,M21
Core-Set-2021-Variants,M21
Dark-Ascension,DKA
Darksteel,DST
Deckmaster,DKM
Dissension,DIS
Dominaria,DOM
Double-Masters,2XM
Double-Masters-Box-Toppers,2XM
Dragons-Maze,DGM
Dragons-of-Tarkir,DTK
Duel-Decks-Ajani-Vs-Nicol-Bolas,AVNB
Duel-Decks-Blessed-Vs-Cursed,DDQ
Duel-Decks-Divine-Vs-Demonic,DVD
Duel-Decks-Elspeth-Vs-Kiora,DDO
Duel-Decks-Elspeth-Vs-Tezzeret,EVT
Duel-Decks-Elves-Vs-Goblins,EVG
Duel-Decks-Elves-Vs-Inventors,DDU
Duel-Decks-Garruk-Vs-Liliana,GVL
Duel-Decks-Heroes-Vs-Monsters,HVM
Duel-Decks-Izzet-Vs-Golgari,IVG
Duel-Decks-Jace-Vs-Chandra,JVC
Duel-Decks-Jace-Vs-Vraska,JVV
Duel-Decks-Knights-Vs-Dragons,KVD
Duel-Decks-Merfolk-Vs-Goblins,DDT
Duel-Decks-Mind-Vs-Might,DDS
Duel-Decks-Nissa-Vs-Ob-Nixilis,DDR
Duel-Decks-Phyrexia-Vs-The-Coalition,PVC
Duel-Decks-Sorin-Vs-Tibalt,SVT
Duel-Decks-Speed-Vs-Cunning,DDN
Duel-Decks-Venser-Vs-Koth,VVK
Duel-Decks-Zendikar-Vs-Eldrazi,DDP
Duels-of-the-Planeswalkers,DPW
Eldritch-Moon,EMN
Eternal-Masters,EMA
Eventide,EVE
Exodus,EXO
Explorers-of-Ixalan,E02
Fallen-Empires,FEM
Fate-Reforged,FRF
Fifth-Dawn,FDN
From-the-Vault-Angels,V15
From-the-Vault-Annihilation,V14
From-the-Vault-Dragons,V08
From-the-Vault-Exiled,V09
From-the-Vault-Legends,V11
From-the-Vault-Lore,V16
From-the-Vault-Realms,V12
From-the-Vault-Relics,V10
From-the-Vault-Transform,V17
From-the-Vault-Twenty,V20
Future-Sight,FUT
Game-Night,GNT
Game-Night-2019,GN2
Gatecrash,GTC
Global-Series-Jiang-Yanggu-Mu-Yanling,GS1
Guildpact,GPT
Guilds-of-Ravnica,GRN
Guilds-of-Ravnica-Guild-Kits,GK1
Homelands,HML
Hour-of-Devastation,HOU
Ice-Age,ICE
Iconic-Masters,IMA
Ikoria-Lair-of-Behemoths,IKO
Ikoria-Lair-of-Behemoths-Variants,IKO
Innistrad,ISD
Invasion,INV
Ixalan,XLN
Journey-into-Nyx,JOU
Judgment,JUD
Jumpstart,JMP
Kaladesh,KLD
Kaldheim,KHM
Kaldheim-Variants,KHM
Kaldheim-Commander-Decks,KHC
Khans-of-Tarkir,KTK
Legends,LEG
Legions,LGN
Lorwyn,LRW
Magic-Origins,ORI
Masterpiece-Series-Expeditions,EXP
Masterpiece-Series-Inventions,MPS
Masterpiece-Series-Invocations,MP2
Masterpiece-Series-Mythic-Edition,MED
Masters-25,M25
Mercadian-Masques,MMQ
Mirage,MIR
Mirrodin,MRD
Mirrodin-Besieged,MBS
Modern-Event-Deck,MD1
Modern-Horizons,MH1
Modern-Masters,MMA
Modern-Masters-2015,MM2
Modern-Masters-2017,MM3
Morningtide,MOR
Nemesis,NEM
New-Phyrexia,NPH
Oath-of-the-Gatewatch,OGW
Odyssey,ODY
Onslaught,ONS
Planar-Chaos,PLC
Planechase,PC
Planechase-2012,PC2
Planechase-Anthology,PCA
Planeshift,PLS
Portal,POR
Portal-3K,PTK
Portal-II,P02
Premium-Deck-Series-Fire-Lightning,PFI
Premium-Deck-Series-Graveborn,PGB
Premium-Deck-Series-Slivers,SLI
Prophecy,PCY
Ravnica,RAV
Ravnica-Allegiance,RNA
Ravnica-Allegiance-Guild-Kits,GK2
Return-to-Ravnica,RTR
Rise-of-the-Eldrazi,ROE
Rivals-of-Ixalan,RIX
Saviors-of-Kamigawa,SOK
Scars-of-Mirrodin,SOM
Scourge,SCG
Secret-Lair,SLD
Shadowmoor,SHM
Shadows-Over-Innistrad,SOI
Shards-of-Alara,ALA
Signature-Spellbook-Chandra,SS3
Signature-Spellbook-Gideon,SS2
Signature-Spellbook-Jace,SS1
Starter-1999,S99
Starter-2000,S00
Stronghold,STH
Tempest,TMP
The-Dark,DRK
Theros,THS
Theros-Beyond-Death,THB
Theros-Beyond-Death-Variants,THB
Throne-of-Eldraine,ELD
Throne-of-Eldraine-Variants,ELD
Time-Spiral,TSP
Time-Spiral-Remastered,TSR
Timeshifted,TSTS
Torment,TOR
Ultimate-Box-Topper,UMA
Ultimate-Masters,UMA
Unglued,UGL
Unhinged,UNH
Unlimited,2ED
Unsanctioned,UND
Unstable,UNS
Urzas-Destiny,UDS
Urzas-Legacy,ULG
Urzas-Saga,USG
Visions,VIS
War-of-the-Spark,WAR
Weatherlight,WTH
Worldwake,WWK
Zendikar,ZEN
Zendikar-Rising,ZNR
Zendikar-Rising-Commander-Decks,ZNC
Zendikar-Rising-Expeditions,ZNE
Zendikar-Rising-Variants,ZNR